issueDate,section,slot,eventName,slug,url,vuc,vtc,sectionSize,percentileVuc
2025-01-16,For Families,1,LEGOLAND Discovery Centre,vaughan-your-weekend-fun-plan-in-3-minutes,https://www.legolanddiscoverycentre.com/toronto/,2,3,4,0.375
2025-01-16,For Families,2,‍➡️Escape Rooms,vaughan-your-weekend-fun-plan-in-3-minutes,https://escapeok.com/,3,3,4,0.625
2025-01-16,For Families,3,Reptilia Zoo,vaughan-your-weekend-fun-plan-in-3-minutes,https://reptilia.org/,0,0,4,0.125
2025-01-16,For Families,4,️ Vaughan Winterfest (indoor),vaughan-your-weekend-fun-plan-in-3-minutes,https://childslife.ca/events/category/york-region/vaughan/,20,22,4,0.875
2025-01-16,For Couples,1,Wine and Paint Night,vaughan-your-weekend-fun-plan-in-3-minutes,https://www.pinotspalette.com/woodbridge,152,213,4,0.875
2025-01-16,For Couples,2,Axe throwing,vaughan-your-weekend-fun-plan-in-3-minutes,https://batlgrounds.com/axe-throwing-vaughan,0,0,4,0.25
2025-01-16,For Couples,3,Couples Snowshoe Adventure,vaughan-your-weekend-fun-plan-in-3-minutes,https://trca.ca/programs/snowshoeing-4/,6,7,4,0.625
2025-01-16,For Couples,4,Magnotta winery,vaughan-your-weekend-fun-plan-in-3-minutes,https://www.magnotta.com/tour.aspx,0,0,4,0.25
2025-01-30,For Families,1,‍🍳 Little Kitchen Academy Vaughan,top-5-vaughan-weekend-picks,https://littlekitchenacademy.com/locations/vaughan/,19,21,5,0.5
2025-01-30,For Families,2,Richmond Hill Winter Carnival,top-5-vaughan-weekend-picks,https://www.wintercarnival.net/,31,39,5,0.9
2025-01-30,For Families,3,️ Vaughan Winterfest (outdoor),top-5-vaughan-weekend-picks,https://childslife.ca/event/vaughan-winterfest/,30,37,5,0.7
2025-01-30,For Families,4,Mufasa: The Lion King,top-5-vaughan-weekend-picks,https://imaginecinemas.com/cinema/promenade/,15,18,5,0.3
2025-01-30,For Families,5,A Day at Kortright,top-5-vaughan-weekend-picks,https://kortright.org/whats-on/calendar/#event=family-experiences-at-kortright-mapping-and-orienteering;instance=20250201133000?popup=1&lang=en-US,14,18,5,0.1
2025-01-30,For Couples,1,Jake Shimabukuro Concert,top-5-vaughan-weekend-picks,https://www.premierboxoffice.com/event/3E40,4,5,5,0.4
2025-01-30,For Couples,2,HYPROV: Improv Under Hypnosis,top-5-vaughan-weekend-picks,https://hyprov.com/tour/2023-02-03-t2lxd-2gzxf-6s3wj-xgd8j-smn24-stxr8-tk6ge-64d9r-h9hz8-emrdw-32lja-7hh2m-c9jme-fhs8z-gx5xj-8kjpa-ej5yk,4,4,5,0.4
2025-01-30,For Couples,3,"Couples Cooking Class at The Chef Upstairs Spice up your date night by cooking together; the couple that sautés together, stays together!",top-5-vaughan-weekend-picks,https://thechefupstairs.com/,18,20,5,0.7
2025-01-30,For Couples,4,Couples' Spa Day Relax together with a rejuvenating couples massage session.,top-5-vaughan-weekend-picks,https://www.tsingtaospa.com/vaughan-photogallery,60,69,5,0.9
2025-01-30,For Couples,5,The King and I - Theatrical Broadway Production Experience the classic musical. Book your tickets,top-5-vaughan-weekend-picks,https://visitvaughan.ca/calendar/event/the-king-and-i-theatrical-broadway-production/,3,3,5,0.1
2025-02-06,For Families,1,"️ Skating, Live DJ, Giveaways",your-weekend-plans-in-3-minutes,https://visitvaughan.ca/calendar/event/winter-skae-nights-at-the-sports-village/,26,30,5,0.7
2025-02-06,For Families,2,Spa packages for kids,your-weekend-plans-in-3-minutes,https://www.glamagalparty.com/spa-packages,21,22,5,0.5
2025-02-06,For Families,3,Lunar New Year Celebration 2025,your-weekend-plans-in-3-minutes,https://visitvaughan.ca/calendar/event/city-of-vaughan-lunar-new-year-1/,20,26,5,0.3
2025-02-06,For Families,4,Kids Cooking Classes,your-weekend-plans-in-3-minutes,https://thechefupstairs.com/products/vaughan-kids-cooking-classes-3-week-winter-session-saturday-february-8-march-1-2025-copy,31,34,5,0.9
2025-02-06,For Families,5,Children’s Art Classes,your-weekend-plans-in-3-minutes,https://mcmichael.com/event/saturday-art-classes-2024-2025/,13,17,5,0.1
2025-02-06,For Couples,1,Artful Yoga,your-weekend-plans-in-3-minutes,https://mcmichael.com/event/artful-yoga/,0,0,5,0.1
2025-02-06,For Couples,2,Adult Cooking Class,your-weekend-plans-in-3-minutes,https://visitvaughan.ca/calendar/event/adult-cooking-class-italian-winter-comfort-foods-1/,24,26,5,0.8
2025-02-06,For Couples,3,️ Living with Art For young adults (ages 18 and over) living with special needs opportunities.,your-weekend-plans-in-3-minutes,https://visitvaughan.ca/calendar/event/adult-cooking-class-italian-winter-comfort-foods-1/,24,26,5,0.8
2025-02-06,For Couples,4,"️ Live in Concert Messiah live directly from NYC, Latin Trap Canadian Tour",your-weekend-plans-in-3-minutes,https://allevents.in/vaughan/messiah-live-directly-from-nyc-latin-trap-canadian-tour/100001105982566629,10,11,5,0.3
2025-02-06,For Couples,5,️⛸️Outdoor Skating Fun Glide through the trees lights for evening skating.Sharp your skates,your-weekend-plans-in-3-minutes,https://www.richmondhill.ca/en/things-to-do/Outdoor-Skating.aspx,13,14,5,0.5
2025-02-06,For Golden Age Readers,1,Grandma - Grandpa & Me Cross-Stich workshop.,your-weekend-plans-in-3-minutes,https://allevents.in/vaughan/grandma-grandpa-and-me-cross-stitch-workshop/200027774401704,3,3,5,0.1
2025-02-06,For Golden Age Readers,2,Terrariums & Tranquility,your-weekend-plans-in-3-minutes,https://allevents.in/vaughan/terrariums-and-tranquility-succulent-workshop-sound-healing-and-reiki/100001200582056249,6,7,5,0.5
2025-02-06,For Golden Age Readers,3,Sunday Sip and Create,your-weekend-plans-in-3-minutes,https://mcmichael.com/event/sunday-sip-and-create/,7,7,5,0.7
2025-02-06,For Golden Age Readers,4,Curatorial Talk,your-weekend-plans-in-3-minutes,https://mcmichael.com/event/derek-sullivan-field-notes-curatorial-talk/,4,4,5,0.3
2025-02-06,For Golden Age Readers,5,Lunar New Year Celebration 2025,your-weekend-plans-in-3-minutes,https://visitvaughan.ca/calendar/event/city-of-vaughan-lunar-new-year-1/,20,26,5,0.9
2025-02-13,For Families,1,Brent and Sarah's Comedy Magic ShowTwo Toronto magicians with remarkable skill and talent.,valentine-s-day-made-special,https://tickets.cityplayhouse.ca/event/655:428/655:544/,17,21,5,0.6
2025-02-13,For Families,2,Walk in the Forest,valentine-s-day-made-special,https://visitvaughan.ca/calendar/event/the-diane-kashin-family-adventure-walk-in-the-forest-1/,17,19,5,0.6
2025-02-13,For Families,3,The Village at Black Creek,valentine-s-day-made-special,https://blackcreek.ca/events/#event=snowy-days-at-the-village;instance=20250216110000?popup=1&lang=en-US,18,24,5,0.9
2025-02-13,For Families,4,️Outdoor Memorial Park Skating Trail,valentine-s-day-made-special,https://www.townofws.ca/play/parks-and-open-spaces/outdoor-ice-rinks/,14,15,5,0.3
2025-02-13,For Families,5,Stories to Light Up Winter (English or French),valentine-s-day-made-special,https://mcmichael.com/event/stories-to-light-up-winter-bilingual-family-sunday/,7,14,5,0.1
2025-02-13,For Couples,1,Date Night: Race & Play,valentine-s-day-made-special,https://www.k1speed.ca/deals,12,12,5,0.7
2025-02-13,For Couples,2,"Valentine’s Day at Old MillLive music from Thoronot’s best band, Jay Vazquez and Groove Marmalade.Grab your seats",valentine-s-day-made-special,https://www.oldmilltoronto.com/event/valentines-day-dance-party-with-jay-vazquez-groove-marmalade/,2,3,5,0.1
2025-02-13,For Couples,3,2025 Toronto I❤️BEER & Taco FestivalThe second annual Toronto I❤︎BEER & Taco Festival.,valentine-s-day-made-special,https://allevents.in/toronto/2025-toronto-ibeer-and-taco-festival/200027729465258,10,12,5,0.5
2025-02-13,For Couples,3,Spa Day - Packages for TwoRelax together with a rejuvenating couples massage session.,valentine-s-day-made-special,https://www.santehealingspas.com/spa-deals-thornhill,15,17,5,0.9
2025-02-13,For Couples,5,️Valentine’s Concert at Arcadian LoftA Romantic Valentine's Day Candlelit Concert.Book your tickets,valentine-s-day-made-special,https://www.eventbrite.ca/e/the-golden-sessions-valentines-concert-at-arcadian-loft-tickets-1224967002279?aff=ebdssbdestsearch,8,10,5,0.3
2025-02-20,For Families,1,Putting Edge Glow-in-the-Dark Mini Golf,vaughan-your-plans-in-2-minutes,https://www.puttingedge.com/locations/vaughan/,4,4,4,0.125
2025-02-20,For Families,2,Family Bowling at Splitsville Entertainment,vaughan-your-plans-in-2-minutes,https://www.splitsville.ca/woodbridge-bowling,31,41,4,0.875
2025-02-20,For Families,3,Family Experiences at Kortright Survival Skills,vaughan-your-plans-in-2-minutes,https://childslife.ca/event/family-experiences-at-kortright-survival-skills/2025-02-22/,8,8,4,0.375
2025-02-20,For Families,4,Vaughan Toy and Nostalgia Show Explore vintage toys and collectibles. Check this Out,vaughan-your-plans-in-2-minutes,https://visitvaughan.ca/calendar/event/vaughan-toy-and-nostalgia-show-1/,29,31,4,0.625
2025-02-20,For Couples,1,Exclusive Event! Sip and Savour,vaughan-your-plans-in-2-minutes,https://thechefupstairs.com/products/vaughan-exclusive-event-sip-and-savour-a-mixology-and-cooking-experience-caribbean-escape-cost-is-per-pair?start=2025-02-01T00%3A00&select=2025-02-26T18%3A00,17,19,5,0.8
2025-02-20,For Couples,2,‍♀️Want to climb together?,vaughan-your-plans-in-2-minutes,https://www.steelpeakclimbing.com/adultprograms,6,8,5,0.3
2025-02-20,For Couples,3,Nicole Zuraitis @ Draco at Marriott Experience the electrifying artistry of GRAMMY® Award-winning jazz vocalist.,vaughan-your-plans-in-2-minutes,https://jazzlicious.ca/perfomance/nicole-zuraitis-draco-toronto-marriott-markham/,10,13,5,0.5
2025-02-20,For Couples,4,️ Paint & Sip Studio What do you like painting - Rainy Day Shroom or Monet’s Water Lilies?,vaughan-your-plans-in-2-minutes,https://www.pinotspalette.com/woodbridge,4,8,5,0.1
2025-02-20,For Couples,5,Candlelight: A Tribute to Coldplay Multi-sensory musical experience. Book your tickets,vaughan-your-plans-in-2-minutes,https://feverup.com/m/147910,17,20,5,0.8
2025-02-20,For Golden Age Readers,1,The Aging Well Club Engage with peers in lively discussions and activities.,vaughan-your-plans-in-2-minutes,https://www.eventbrite.ca/e/the-aging-well-club-registration-541771331637,7,8,5,0.5
2025-02-20,For Golden Age Readers,2,Jigsaw Puzzle Tournament,vaughan-your-plans-in-2-minutes,https://www.vaughanpl.info/programs/view/3789,3,3,5,0.1
2025-02-20,For Golden Age Readers,3,️ Visit the Therapy Dogs,vaughan-your-plans-in-2-minutes,https://www.vaughanpl.info/programs/view/2397,10,12,5,0.7
2025-02-20,For Golden Age Readers,4,Paint & Sip Studio What do you like painting - Rainy Day Shroom or Monet’s Water Lilies?,vaughan-your-plans-in-2-minutes,https://www.pinotspalette.com/woodbridge,4,8,5,0.3
2025-02-20,For Golden Age Readers,5,️ Public Tours at McMichael,vaughan-your-plans-in-2-minutes,https://mcmichael.com/event/public-tours-schedule/,15,16,5,0.9
2025-03-06,For Families,1,"Maple Syrup Festival at Kortright Experience maple syrup tastings, demonstrations, wagon rides, and activities. Explore More",your-weekend-fun-plan-is-here,https://trca.ca/maple-syrup-festival-at-kortright/,107,133,4,0.875
2025-03-06,For Families,2,Cineplex Cinemas Vaughan - Paddington,your-weekend-fun-plan-is-here,https://www.cineplex.com/movie/paddington-in-peru?ic=cpx_tdp-moviegrid-en,14,17,4,0.375
2025-03-06,For Families,3,SpringFest TO (Indoor Carnival & Amusement Park),your-weekend-fun-plan-is-here,https://springfestto.ca/,72,92,4,0.625
2025-03-06,For Families,4,"McMichael Canadian Art Collection - March Break Camp Experience March Break Camp with art workshops, outdoor activities, and creative fun! Learn More",your-weekend-fun-plan-is-here,https://mcmichael.com/event/artventure-march-break-camp-2025/,10,13,4,0.125
2025-03-06,For Couples,1,Mystery Billiards,your-weekend-fun-plan-is-here,https://mainmenus.com/vaughan-on-restaurants/bar-food-cuisine/mystery-billiards/,44,55,5,0.7
2025-03-06,For Couples,2,️ SimHub Race Lounge,your-weekend-fun-plan-is-here,https://simhubrl.ca/?srsltid=AfmBOooq7c4oRmb6ITEKZkHHMb87S3YwEiQ6ulvEiwBLimcXoQurnjCd,15,17,5,0.2
2025-03-06,For Couples,3,️ Santé Healing Spa & Salt Caves,your-weekend-fun-plan-is-here,https://www.santehealingspas.com/spa-services-thornhill,18,19,5,0.5
2025-03-06,For Couples,4,DJ Mega Jey Live Direct From NYC Dance all night to electrifying beats from NYC’s finest!,your-weekend-fun-plan-is-here,https://www.eventbrite.com/e/dj-mega-jey-live-direct-from-nyc-tickets-1136348080699,15,16,5,0.2
2025-03-06,For Couples,5,"Wine & Cheese Tasting Sip, swirl, and savor a romantic wine-tasting experience together! Book your tickets",your-weekend-fun-plan-is-here,https://www.magnotta.com/tour.aspx,91,107,5,0.9
2025-03-06,For Golden Age Readers,2,Paint Workshop,your-weekend-fun-plan-is-here,https://www.eventbrite.ca/e/paint-workshop-tickets-1261647705249?aff=ebdssbdestsearch,10,11,4,0.375
2025-03-06,For Golden Age Readers,3,Jazzy Pop & Gospel Night - Free Entry,your-weekend-fun-plan-is-here,https://www.eventbrite.ca/e/jazzy-pop-gospel-night-free-entry-tickets-1256125317639?aff=ebdssbdestsearch,8,10,4,0.125
2025-03-06,For Golden Age Readers,4,️‍♀️ Group Fitness For Seniors,your-weekend-fun-plan-is-here,https://vaughan.perfectmind.com/25076/Clients/BookMe4BookingPages/BookingCoursesPage?calendarId=3db79b0c-f37e-4fad-9d4d-19952befd915&widgetId=15f6af07-39c5-473e-b053-96653f77a406&embed=False,31,39,4,0.875
2025-03-06,For Golden Age Readers,5,Classic Movie Matinee,your-weekend-fun-plan-is-here,https://www.vaughanpl.info/programs/view/832,15,16,4,0.625
2025-03-27,For Families,1,️ Paint Nite Colorful memories with family and brushes! Explore More,your-3-minute-plan-for-fun,https://www.eventbrite.ca/e/paint-nite-brand-creative-events-tickets-1084792356139?aff=ebdssbdestsearch&keep_tld=1,33,41,4,0.875
2025-03-27,For Families,2,Orchestra (Markham),your-3-minute-plan-for-fun,https://ksorchestra.ca/events/gods-and-griffons/,12,12,4,0.125
2025-03-27,For Families,3,Create Your Own Cartoon (Markham),your-3-minute-plan-for-fun,https://markham.bibliocommons.com/events/67a26def8fc0a32800192aa6?_gl=1*vacun8*_ga*MTk3MDA1NjQwMS4xNzQyOTI2NTY3*_ga_9E698LRF80*MTc0MjkyNjU2Ni4xLjAuMTc0MjkyNjU2Ni4wLjAuMA..*_ga_G99DMMNG39*MTc0MjkyNjU2Ni4xLjAuMTc0MjkyNjU2OS4wLjAuMA..,18,22,4,0.375
2025-03-27,For Families,5,Putting Edge,your-3-minute-plan-for-fun,https://www.puttingedge.com/locations/vaughan/,23,26,4,0.625
2025-04-03,For Families,1,"Dance & Laughs Move, laugh, snack—ultimate party fun for kids! Explore More",this-weekend-s-local-picks,https://www.eventbrite.ca/e/dance-and-laughes-tickets-1271766992309?aff=ebdssbdestsearch&keep_tld=1,37,40,5,0.7
2025-04-03,For Families,2,Maple Lions 52nd Annual Pancake Fest,this-weekend-s-local-picks,https://www.heretotheremarketevents.com/maplepancakefestival,33,42,5,0.5
2025-04-03,For Families,3,Family Drop-In Activities,this-weekend-s-local-picks,https://rhpl.bibliocommons.com/events/678ad012c4569f936ccb20ac,44,53,5,0.9
2025-04-03,For Families,4,"Maple Syrup Festival at Kortright (Last Week - Don’t Miss Out) Explore, hike, and discover nature’s beauty at Kortright! Learn More",this-weekend-s-local-picks,https://trca.ca/activities/maple-syrup-festival/?gad_source=1&gclid=Cj0KCQjwtJ6_BhDWARIsAGanmKexIPEipxxDQ5Wlepn3I2Qx4mdGoauyoDCKUDdeSPJ85aQQB7QAMIUaAmz3EALw_wcB,23,25,5,0.1
2025-04-03,For Families,5,Rock Climbing,this-weekend-s-local-picks,https://www.steelpeakclimbing.com/firstvisit,24,27,5,0.3
2025-04-03,For Golden Age Readers,1,Chair Yoga,this-weekend-s-local-picks,https://markham.bibliocommons.com/events/67bce83abe64b93600e71292,28,34,5,0.9
2025-04-03,For Golden Age Readers,2,Pottery Workshop,this-weekend-s-local-picks,https://markham.bibliocommons.com/events/67b4dc7d6021a51d62f3b843,18,20,5,0.7
2025-04-03,For Golden Age Readers,3,‍♂️ Yoga & Mindfulness,this-weekend-s-local-picks,https://markham.bibliocommons.com/events/67b88fa56021a51d62f433b6,12,13,5,0.5
2025-04-03,For Golden Age Readers,4,"Wellness Wednesdays: Book SocialStay artistic, stay social, stay happy—Vaughan seniors shine bright!",this-weekend-s-local-picks,https://rhpl.bibliocommons.com/events/6791699959163a2f003b53be,11,14,5,0.3
2025-04-03,For Golden Age Readers,5,️ English Conversation Circle,this-weekend-s-local-picks,https://rhpl.bibliocommons.com/events/6794e46acb66923d003d0389,1,1,5,0.1
2025-04-10,For Couples,1,️ Romantic Candle Making With Wine,your-plans-our-picks-in-3-minutes,https://www.eventbrite.ca/e/candles-charcuterie-and-wine-tickets-1258046634349?aff=ebdssbdestsearch,5,6,5,0.5
2025-04-10,For Couples,2,Dancehall: Spanglish Nights &quot;DEMBOW VS DANCEHALL EDITION&quot;,your-plans-our-picks-in-3-minutes,https://www.eventbrite.ca/e/spanglish-nights-dembow-vs-dancehall-edition-tickets-1296350060929?aff=ebdssbdestsearch,3,7,5,0.2
2025-04-10,For Couples,3,Ballroom & Latin Mix Semiprivate Class Spice up Mondays with Latin and Ballroom dance fun! Book your tickets,your-plans-our-picks-in-3-minutes,https://www.eventbrite.ca/e/ballroom-and-latin-mix-semiprivate-class-every-monday-645-pm-at-hwy-7404-tickets-1281066778219?aff=ebdssbdestsearch,3,5,5,0.2
2025-04-10,For Couples,4,"City Love Scavenger Hunt Clues unfold, love grows, laughter sparks, adventure awaits!",your-plans-our-picks-in-3-minutes,https://www.eventbrite.ca/e/city-love-scavenger-hunt-date-night-for-couples-richmond-hill-area-tickets-909043281927?aff=ebdssbdestsearch&keep_tld=1,7,13,5,0.7
2025-04-10,For Couples,5,️ Race Lounge,your-plans-our-picks-in-3-minutes,https://simhubrl.ca/?srsltid=AfmBOooq7c4oRmb6ITEKZkHHMb87S3YwEiQ6ulvEiwBLimcXoQurnjCd,12,16,5,0.9
2025-04-10,For Golden Age Readers,2,️ Writing Circle,your-plans-our-picks-in-3-minutes,https://rhpl.bibliocommons.com/events/678ea7ab6021a51d62eefa10,2,2,4,0.125
2025-04-10,For Golden Age Readers,3,‍♂️ Yoga & Mindfulness,your-plans-our-picks-in-3-minutes,https://markham.bibliocommons.com/events/67b88fa56021a51d62f433b7,13,15,4,0.375
2025-04-10,For Golden Age Readers,4,Aging Well Club,your-plans-our-picks-in-3-minutes,https://www.vaughanpl.info/programs/view/3346,31,31,4,0.875
2025-04-10,For Golden Age Readers,5,‍🦺 Visit Therapy Dogs,your-plans-our-picks-in-3-minutes,https://www.vaughanpl.info/programs/view/2397,21,23,4,0.625
2025-04-17,For Families,1,"Easter at Kortright Egg hunts, forest trails, bunny fun, laughter all day! Explore More",top-vaughan-picks-april-17-23,https://trca.ca/event/easter-at-kortright/,34,38,5,0.9
2025-04-17,For Families,2,"‍♂️ Family Sunday, Spring Moves & Rhythms",top-vaughan-picks-april-17-23,https://mcmichael.com/event/family-sunday-spring-moves-rythms/,12,14,5,0.4
2025-04-17,For Families,3,"Hop into Spring at Easter Eggtravaganza! Explore, hike, and discover nature’s beauty at Kortright! Learn More",top-vaughan-picks-april-17-23,https://kortright.org/whats-on/calendar/#event=easter-at-kortright;instance=20250420100000?popup=1&lang=en-US,11,17,5,0.1
2025-04-17,For Families,4,Easter HopFest,top-vaughan-picks-april-17-23,https://visitvaughan.ca/calendar/event/easter-hopfest-2/,28,33,5,0.7
2025-04-17,For Families,5,‍☠️ #1 Ranked Escape Room - Vaughan,top-vaughan-picks-april-17-23,https://www.theescapetheory.ca/,12,16,5,0.4
2025-04-17,For Golden Age Readers,1,️‍🩹 Health & Wellness - Diabetes & Nutrition,top-vaughan-picks-april-17-23,https://markham.bibliocommons.com/events/67d09f1e07b6a728000ac5f8,4,4,4,0.125
2025-04-17,For Golden Age Readers,2,️ Aging Well Club,top-vaughan-picks-april-17-23,https://www.eventbrite.ca/e/the-aging-well-club-father-e-bulfon-community-centre-registration-541771331637,27,30,4,0.875
2025-04-17,For Golden Age Readers,3,‍♂️ Yoga For Older Adults,top-vaughan-picks-april-17-23,https://markham.bibliocommons.com/events/67bce8efbe64b93600e712b6,14,18,4,0.625
2025-04-17,For Golden Age Readers,5,"Sewing Workshop Stitch by stitch, create joy in every thread. Learn More",top-vaughan-picks-april-17-23,https://markham.bibliocommons.com/events/67b8b0828fc0a328001be4a6,12,14,4,0.375
2025-04-24,For Golden Age Readers,1,‍♂️ Practice Joy with Laughter Yoga,your-3-can-t-skip-events-this-week,https://markham.bibliocommons.com/events/67b88fa8cb66923d00416da0,10,11,4,0.625
2025-04-24,For Golden Age Readers,2,Book Club Discussion - The Elements of Marie Curie,your-3-can-t-skip-events-this-week,https://markham.bibliocommons.com/events/67508095780c53e63c6de133,5,5,4,0.125
2025-04-24,For Golden Age Readers,3,‍♂️‍➡️ Overcoming Back Pain,your-3-can-t-skip-events-this-week,https://markham.bibliocommons.com/events/67b88fb18fc0a328001bdf00,10,11,4,0.625
2025-04-24,For Golden Age Readers,5,Yoga for Older Adults,your-3-can-t-skip-events-this-week,https://markham.bibliocommons.com/events/67bce8efbe64b93600e712b7,10,11,4,0.625
2025-05-01,For Families,1,"‍👦 Mums & Daughters Night (Ages 10 & Up) Moms, daughters, laughter, bonding—Markham night to remember! Learn More",plans-for-the-week-start-here,https://www.eventbrite.ca/e/mums-and-daughters-night-tickets-1265902581699?aff=ebdssbdestsearch,16,21,5,0.4
2025-05-01,For Families,2,‍👩‍👧‍👦 Family Drop-In Activities - Stories & Crafts (Ages 2-5),plans-for-the-week-start-here,https://rhpl.bibliocommons.com/events/67e6a75d7374ee901dd81950,20,20,5,0.9
2025-05-01,For Families,3,"️ In-Person Acrylic Painting Studio (All Ages) Paint boldly with Sookrah—brushstrokes, colour, creativity unleashed! Explore More",plans-for-the-week-start-here,https://mcmichael.com/event/in-person-acrylic-painting-studio-with-andrew-cheddie-sookrah/,17,18,5,0.7
2025-05-01,For Families,4,Saturday Art Classes for Kids (Ages 5-12),plans-for-the-week-start-here,https://mcmichael.com/event/saturday-art-classes-2024-2025/,7,7,5,0.1
2025-05-01,For Families,5,Rock Climbing (Ages 6 & Up),plans-for-the-week-start-here,https://www.steelpeakclimbing.com/firstvisit,16,17,5,0.4
2025-05-01,For Couples,1,Pottery Workshop,plans-for-the-week-start-here,https://www.eventbrite.com/e/pottery-workshops-at-25person-multiple-dates-please-read-description-tickets-1297754020209?aff=ebdssbdestsearch,20,22,4,0.875
2025-05-01,For Couples,2,Beats Clash Night,plans-for-the-week-start-here,https://www.eventbrite.com/e/hiphop-vs-dancehall-may-2nd-toop-lounge-tickets-1261537595909?aff=ebdssbdestsearch,7,7,4,0.125
2025-05-01,For Couples,3,Toronto Comedy Show,plans-for-the-week-start-here,https://www.eventbrite.com/e/toronto-comedy-all-stars-feat-keith-carey-anna-valenzuela-tickets-1331991475359?aff=ebdssbdestsearch,8,9,4,0.375
2025-05-01,For Couples,5,"Ballroom and Latin mix semiprivate classMovie Night: Popcorn, Friends, Films, and Fun!",plans-for-the-week-start-here,https://www.eventbrite.com/e/ballroom-and-latin-mix-semiprivate-class-every-monday-645-pm-at-hwy-7404-tickets-1281109475929?aff=ebdssbdestsearch&keep_tld=1,11,11,4,0.625
2025-05-01,For Golden Age Readers,1,Healthy Eating for Cholesterol,plans-for-the-week-start-here,https://markham.bibliocommons.com/events/67d09fc407b6a728000ac63c,4,4,5,0.6
2025-05-01,For Golden Age Readers,2,Chair Yoga,plans-for-the-week-start-here,https://markham.bibliocommons.com/events/67bce83abe64b93600e71296,12,12,5,0.9
2025-05-01,For Golden Age Readers,3,Decoding Financial Ratios: What They Mean for Your Business,plans-for-the-week-start-here,https://markham.bibliocommons.com/events/675a01fa17cee0280055f705,1,1,5,0.1
2025-05-01,For Golden Age Readers,4,"Practice Joy with Laughter Yoga Laugh, breathe, stretch—uplift your spirit with joy!",plans-for-the-week-start-here,https://markham.bibliocommons.com/events/67b88fa8cb66923d00416da1,4,4,5,0.6
2025-05-01,For Golden Age Readers,5,️ The Stories of Our Lives with Hyacinthe Miller,plans-for-the-week-start-here,https://markham.bibliocommons.com/events/67e474af2971a34a250d2778,3,5,5,0.3
2025-05-08,For Families,1,The Mom Market x Promenade Mall The best of York Region’s makers & creators - just in time for Mother’s Day! Explore More,vaughan-s-mother-s-day-picks-may-8-14,https://www.facebook.com/events/1117760190022084/,41,49,5,0.9
2025-05-08,For Families,2,Mother's Day & Family Experiences at Kortright,vaughan-s-mother-s-day-picks-may-8-14,https://kortright.org/whats-on/calendar/#event=mothers-day-at-kortright;instance=20250511100000?popup=1&lang=en-US,27,35,5,0.7
2025-05-08,For Families,3,Needle Felt a Rolling Hills Painting Workshop,vaughan-s-mother-s-day-picks-may-8-14,https://blackcreek.ca/events/#event=needle-felt-a-rolling-hills-painting-workshop;instance=20250510130000,11,12,5,0.5
2025-05-08,For Families,4,Canada’s Wonderland Opening!,vaughan-s-mother-s-day-picks-may-8-14,https://www.canadaswonderland.com/events/opening-day,5,6,5,0.1
2025-05-08,For Families,5,"Create a Puppet Show Kids craft puppets, then perform their own show! Learn More",vaughan-s-mother-s-day-picks-may-8-14,https://markham.bibliocommons.com/events/67b54cabcb66923d00411244,9,11,5,0.3
2025-05-08,For Couples,1,"Salsa/bachata latin, semiprivate dance class",vaughan-s-mother-s-day-picks-may-8-14,https://www.eventbrite.com/e/salsabachata-latin-semiprivate-dance-class-tickets-837435781967?aff=ebdssbdestsearch&keep_tld=1,24,28,5,0.9
2025-05-08,For Couples,2,"Wine & Painting Sip, paint, laugh—create your masterpiece tonight! Look Here",vaughan-s-mother-s-day-picks-may-8-14,https://www.eventbrite.ca/e/paint-nite-brand-creative-events-tickets-1330587867129?aff=ebdssbdestsearch&keep_tld=1,8,11,5,0.1
2025-05-08,For Couples,3,"️ An Exclusive Culinary Experience Savor flavors, stories, and laughs with Eden Grinshpan!",vaughan-s-mother-s-day-picks-may-8-14,https://www.eventbrite.com/e/eden-eats-an-exclusive-culinary-experience-with-eden-grinshpan-tickets-1299276985439?aff=ebdssbdestsearch&keep_tld=1,18,20,5,0.7
2025-05-08,For Couples,4,‍♂️ Trivia Night,vaughan-s-mother-s-day-picks-may-8-14,https://www.eventbrite.com/e/question-everything-trivia-night-insomnia-restaurant-tickets-1116092575939?aff=ebdssbdestsearch&keep_tld=1,13,14,5,0.3
2025-05-08,For Couples,5,Shut Up & Dance - Toronto,vaughan-s-mother-s-day-picks-may-8-14,https://www.eventbrite.ca/e/shut-up-dance-toronto-19-tickets-1280363574919?aff=ebdssbdestsearch&keep_tld=1,14,15,5,0.5
2025-05-08,For Golden Age Readers,1,‍♀️ Artful Yoga,vaughan-s-mother-s-day-picks-may-8-14,https://mcmichael.com/event/artful-yoga/,26,29,4,0.875
2025-05-08,For Golden Age Readers,2,Adult Workshop: Natural Connections,vaughan-s-mother-s-day-picks-may-8-14,https://kortright.org/whats-on/calendar/#event=adult-workshop-natural-connections-helping-others-develop-a-lifelong-relationship-with-nature;instance=20250510093000?popup=1&lang=en-US,8,8,4,0.625
2025-05-08,For Golden Age Readers,4,Interactive Program For Those With Alzeimer’s,vaughan-s-mother-s-day-picks-may-8-14,https://tickets.mcmichael.com/Selection.aspx?item=739&sch=27101,2,2,4,0.125
2025-05-08,For Golden Age Readers,5,Cognitive Behavioural Therapy for Insomnia,vaughan-s-mother-s-day-picks-may-8-14,https://markham.bibliocommons.com/events/67c72b31a41c773600242217,7,7,4,0.375
2025-05-15,For Families,1,"Canada’s Wonderland Fireworks (Ages All) Thrilling rides, dazzling fireworks, festive fun for all ages! Explore More",victoria-day-weekend-picks-inside,https://www.canadaswonderland.com/events/fireworks,33,38,5,0.9
2025-05-15,For Families,2,‍👩‍👧‍👦 Free Family Sunday (All Ages),victoria-day-weekend-picks-inside,https://mcmichael.com/event/family-sunday-swing-into-spring/,29,34,5,0.7
2025-05-15,For Families,3,‍☠️ Black Creek - High Sees Shipbuilding (Ages 7-13),victoria-day-weekend-picks-inside,https://blackcreek.ca/events/#event=special-event-workshop-high-seas-shipbuilding;instance=20250517113000?popup=1&lang=en-US,10,10,5,0.3
2025-05-15,For Families,4,‍💻 AI Art Studio - Creating Magic with Text to Image AI (Ages 12-16),victoria-day-weekend-picks-inside,https://markham.bibliocommons.com/events/67f01ec82b0fb15d9fae2613,7,8,5,0.1
2025-05-15,For Families,5,Storytelling through Collage Making (Ages 5-10) Explore identity through creative collage and storytelling fun! Learn More,victoria-day-weekend-picks-inside,https://markham.bibliocommons.com/events/67e59ab0d41c6460316435d8,15,15,5,0.5
2025-05-15,For Couples,1,"Vaughan Ribfest Smoky ribs, live music, messy fingers, perfect date! More Info",victoria-day-weekend-picks-inside,https://ribfestx.com/event/vaughan-ribfest-2025/,61,70,4,0.875
2025-05-15,For Couples,2,Fashion Show,victoria-day-weekend-picks-inside,https://www.eventbrite.ca/e/omars-fashion-thru-the-ages-tickets-1288255399579?aff=ebdssbdestsearch,16,17,4,0.375
2025-05-15,For Couples,3,Cold Process Soap and Lattes Learn how to make cold process soap while enjoying a delicious latte!,victoria-day-weekend-picks-inside,https://www.eventbrite.com/e/cold-process-soap-and-lattes-tickets-1357474977199?aff=erelexpmlt&keep_tld=1,25,28,4,0.625
2025-05-15,For Couples,5,Wine & Paint With Your Partner,victoria-day-weekend-picks-inside,https://www.eventbrite.com/e/paint-nite-brand-creative-events-tickets-1330578800009?aff=ebdssbdestsearch,14,15,4,0.125
2025-05-15,For Golden Age Readers,1,️ Gallery collections and special exhibitions,victoria-day-weekend-picks-inside,https://mcmichael.com/event/public-tours-schedule/,5,5,4,0.375
2025-05-15,For Golden Age Readers,2,Writers Meetup,victoria-day-weekend-picks-inside,https://markham.bibliocommons.com/events/671ab80d28050a2f003118d5,2,4,4,0.125
2025-05-15,For Golden Age Readers,3,Sewing Workshop,victoria-day-weekend-picks-inside,https://markham.bibliocommons.com/events/67b8b0828fc0a328001be4aa,10,10,4,0.875
2025-05-15,For Golden Age Readers,4,Plain Tea & Murukku,victoria-day-weekend-picks-inside,https://markham.bibliocommons.com/events/67b4c74c76df2acdf4300b4d,7,8,4,0.625
2025-05-22,For Families,1,‍🍳 Cooking for Kids (Ages 2-18) 🔥 Summer Camps Are Almost Full – Don’t Miss Out!Explore More,your-vaughan-weekend-in-3-minutes,https://littlekitchenacademy.com/locations/vaughan/,21,26,5,0.3
2025-05-22,For Families,2,Spring Fair (All Ages),your-vaughan-weekend-in-3-minutes,https://www.godwinchan.com/,43,48,5,0.7
2025-05-22,For Families,3,"Forest Therapy Walk (All Ages) Explore, hike, and discover nature’s beauty at Kortright! Learn More",your-vaughan-weekend-in-3-minutes,https://mcmichael.com/event/forest-therapy-walk/,53,58,5,0.9
2025-05-22,For Families,4,Sports Card & TCG Show (Ages 6+),your-vaughan-weekend-in-3-minutes,https://www.eventbrite.com/e/vaughan-sports-card-tcg-show-tickets-1301192725469?aff=ebdssbdestsearch,15,17,5,0.1
2025-05-22,For Families,5,Cirque Italia - Platinum (All Ages),your-vaughan-weekend-in-3-minutes,https://www.facebook.com/events/670592295676787/670756525660364/?active_tab=about,40,42,5,0.5
2025-05-22,For Couples,1,Candlelight Concert: Coldplay - Metropolitan Church of Toronto,your-vaughan-weekend-in-3-minutes,https://feverup.com/m/147910,17,18,5,0.5
2025-05-22,For Couples,2,Make Your Own Perfume – A Scent-sational Experience! A monthly gathering of vibrant foodies and DIY enthusiasts. 💥💥Exclusive for Vaughan Brief readers - 50% OFF! Use the discount code VAUGHANBRIEFExplore and Join,your-vaughan-weekend-in-3-minutes,https://www.eventbrite.ca/e/craft-friday-make-your-own-perfume-a-scent-sational-experience-tickets-1322740876569,32,34,5,0.9
2025-05-22,For Couples,3,‍🎨Mosaic Art Workshop,your-vaughan-weekend-in-3-minutes,https://www.eventbrite.ca/e/tile-art-a-mosaic-art-workshop-pine-farm-orchards-tickets-1319326233279?aff=ebdssbdestsearch,15,15,5,0.3
2025-05-22,For Couples,4,Ladies Shavuot Event 🌸Celebrate a Loved One or Special Occasion with a Meaningful Tribute More Info,your-vaughan-weekend-in-3-minutes,https://www.chabadrc.org/templates/articlecco_cdo/aid/6878667/fbclid/IwY2xjawKaAYFleHRuA2FlbQIxMABicmlkETFrN1VoblNKYzUzQkFBS1BwAR5dwh2NQzLirON5FTuQevylbPJMQZmbOsvWVfIqeWekQ0uI9OtEqTb-ViSC6A_aem_ky2r9EyAm-YWLhYmKbxAIw/jewish/Ladies-Shavuot-Event.htm,21,33,5,0.7
2025-05-22,For Couples,5,Paint Nite + Wine,your-vaughan-weekend-in-3-minutes,https://www.eventbrite.com/e/paint-nite-brand-creative-events-tickets-1330578880249?aff=ebdssbdestsearch,7,7,5,0.1
2025-05-22,For Golden Age Readers,1,Make Your Own Perfume – A Scent-sational Experience! A monthly gathering of vibrant foodies and DIY enthusiasts. 💥💥Exclusive for Vaughan Brief readers - 50% OFF! Use the discount code VAUGHANBRIEFExplore and Join,your-vaughan-weekend-in-3-minutes,https://www.eventbrite.ca/e/craft-friday-make-your-own-perfume-a-scent-sational-experience-tickets-1322740876569,32,34,4,0.875
2025-05-22,For Golden Age Readers,3,️ Artist’s Talk: Sandra Brewster,your-vaughan-weekend-in-3-minutes,https://mcmichael.com/event/artists-talk-sandra-brewster/,1,1,4,0.125
2025-05-22,For Golden Age Readers,4,"Grease - Book, Music, & Lyrics. Broadway hits, big voices, unforgettable night!",your-vaughan-weekend-in-3-minutes,https://tickets.cityplayhouse.ca/event/655:481/655:628/,13,15,4,0.625
2025-05-22,For Golden Age Readers,5,️ Writer’s Room,your-vaughan-weekend-in-3-minutes,https://vaughanpl.info/programs/view/2431,7,7,4,0.375
2025-05-29,For Families,1,"Barkham Festival 2025 (All Ages) Dogs, treats, games—Barkham's tail-wagging adventure awaits! Explore More",best-5-events-48-hours-go,https://www.eventbrite.ca/e/barkham-festival-2025-tickets-1245102277429?aff=ebdssbdestsearch,50,58,5,0.7
2025-05-29,For Families,2,️ Outdoor Biology class for kids (ages 8-11 yo),best-5-events-48-hours-go,https://www.facebook.com/events/1786908425507444,21,21,5,0.2
2025-05-29,For Families,3,Spring Fest 2025 (Ages: Kids/Teens),best-5-events-48-hours-go,https://tickets.cityplayhouse.ca/event/655:470/655:604/,21,22,5,0.2
2025-05-29,For Families,4,Mamma Mia Concert (All Ages),best-5-events-48-hours-go,https://tickets.cityplayhouse.ca/event/655:462/655:592/,65,75,5,0.9
2025-05-29,For Families,5,"A decade of dance (All Ages) Ten years, twirls, talent, unforgettable showcase! Learn More",best-5-events-48-hours-go,https://tickets.cityplayhouse.ca/event/655:472/655:607/,31,33,5,0.5
2025-05-29,For Couples,1,Edge Walking On CN Tower,best-5-events-48-hours-go,https://www.cntower.ca/brave-the-edgewalk,8,11,5,0.1
2025-05-29,For Couples,2,"Elusive Souls - R&B, Jazz, Blues, and Soulful classics Sip, paint, savor—sweet artistic escape!",best-5-events-48-hours-go,https://www.facebook.com/events/918943250264804/,18,19,5,0.9
2025-05-29,For Couples,3,"Tuesday Trivia + Drinks & Music Lights, music, trivia—unforgettable night ahead!",best-5-events-48-hours-go,https://www.facebook.com/events/1579833409350564/1579833439350561/,17,20,5,0.7
2025-05-29,For Couples,4,"Salsa/bachata latin, semiprivate dance class",best-5-events-48-hours-go,https://www.eventbrite.ca/e/ballroom-and-latin-mix-semiprivate-class-every-monday-645-pm-at-hwy-7404-tickets-1281066778219?aff=ebdssbdestsearch,16,17,5,0.5
2025-05-29,For Couples,5,Thornhill’s Red Door Gallery,best-5-events-48-hours-go,https://www.facebook.com/events/680592938014399/680592958014397/?active_tab=about,12,14,5,0.3
2025-06-05,For Families,1,Thornhill Rib & Beer Fest,your-vaughan-vibe-this-week,https://northernheatribseries.ca/thornhill/,24,26,5,0.6
2025-06-05,For Families,2,Unionville Festival (All Ages),your-vaughan-vibe-this-week,https://unionville.ca/unionville-festival-entertainers/,40,43,5,0.9
2025-06-05,For Families,3,"PA Day Camps at Kortright (Ages 4-10) Explore, hike, and discover nature’s beauty at Kortright! Learn More",your-vaughan-vibe-this-week,https://kortright.org/whats-on/calendar/#event=pa-day-camps-at-kortright-7;instance=20250609090000?popup=1&lang=en-US,9,9,5,0.1
2025-06-05,For Families,4,The Wizard of Oz Dance (All Ages),your-vaughan-vibe-this-week,https://tickets.cityplayhouse.ca/event/655:471/,19,21,5,0.3
2025-06-05,For Families,5,‍🎤 Matilda Musical (All Ages),your-vaughan-vibe-this-week,https://tickets.cityplayhouse.ca/event/655:475/,24,28,5,0.6
2025-06-05,For Golden Age Readers,1,"‍➡️Forest Therapy Walk Breathe deep, wander wild, heal with nature. Look Here",your-vaughan-vibe-this-week,https://mcmichael.com/event/forest-therapy-walk/,21,27,4,0.625
2025-06-05,For Golden Age Readers,2,Knitting Circle,your-vaughan-vibe-this-week,https://markham.bibliocommons.com/v2/events?types=5d891a6608a2552e0002d441,15,17,4,0.375
2025-06-05,For Golden Age Readers,3,PROBUS Vaughan - a vibrant local club,your-vaughan-vibe-this-week,http://vaughan.probuscanada.ca/,22,28,4,0.875
2025-06-05,For Golden Age Readers,5,Make Your Own Perfume – A Scent-sational Experience! A monthly gathering of vibrant foodies and DIY enthusiasts. 💥Exclusive for Vaughan Brief readers - 50% OFF! Use the discount code VAUGHANBRIEFExplore and Join,your-vaughan-vibe-this-week,https://www.eventbrite.ca/e/craft-friday-make-your-own-perfume-a-scent-sational-experience-tickets-1322740876569,10,14,4,0.125
2025-06-12,For Families,1,‍👩‍👧‍👦 Father’s Day at Kortright,vaughan-5-can-t-miss-father-s-day-picks,https://trca.checkfront.com/reserve/?item_id=3133,23,24,5,0.7
2025-06-12,For Families,2,‍♂️ Celebrate Father’s Day - Archery (All Ages) Aim for fun this Father’s Day adventure! Explore More,vaughan-5-can-t-miss-father-s-day-picks,https://batlgrounds.com/archery-experience/,30,34,5,0.9
2025-06-12,For Families,3,Free Family Sunday on Father’s Day at the McMichael!,vaughan-5-can-t-miss-father-s-day-picks,https://mcmichael.com/event/family-sunday-summer-ready/,12,12,5,0.5
2025-06-12,For Families,4,"Junior Makers Workshop: Play Pals (Ages 6+) Craft, create, discover history hands-on fun! Explore More",vaughan-5-can-t-miss-father-s-day-picks,https://blackcreek.ca/events/#event=junior-makers-workshop-play-pals;instance=20250614113000?popup=1&lang=en-US,8,8,5,0.1
2025-06-12,For Families,5,Barbie & Ken Dance/Musical (All Ages),vaughan-5-can-t-miss-father-s-day-picks,https://tickets.cityplayhouse.ca/event/655:469/655:603/,11,12,5,0.3
2025-06-12,For Couples,1,Latin Salsa Social,vaughan-5-can-t-miss-father-s-day-picks,https://www.facebook.com/events/695806533379957/,17,20,4,0.375
2025-06-12,For Couples,2,Vaughan International Film Festival,vaughan-5-can-t-miss-father-s-day-picks,https://visitvaughan.ca/calendar/event/vaughan-international-film-festival-1/,19,20,4,0.75
2025-06-12,For Couples,4,‍🍳 The Chef Upstairs Master food traditions; festive culinary experience.,vaughan-5-can-t-miss-father-s-day-picks,https://thechefupstairs.com/products/vaughan-caribbean-vibes-cooking-class?start=2025-06-01T00%3A00&select=2025-06-19T18%3A30,19,20,4,0.75
2025-06-12,For Couples,5,Vaughan Mosaic Lamp Making Workshop,vaughan-5-can-t-miss-father-s-day-picks,https://www.eventbrite.ca/e/vaughan-mosaic-lamp-making-workshop-tickets-1104526310929?aff=ebdssbdestsearch,13,14,4,0.125
2025-06-12,For Golden Age Readers,1,Puppy Yoga,vaughan-5-can-t-miss-father-s-day-picks,https://www.yogakawa.com/shop/puppy-yoga-vaughan/,15,15,5,0.8
2025-06-12,For Golden Age Readers,2,PROBUS Vaughan - a vibrant local club,vaughan-5-can-t-miss-father-s-day-picks,http://vaughan.probuscanada.ca/,8,12,5,0.3
2025-06-12,For Golden Age Readers,3,Make Your Own Perfume – A Scent-sational Experience! A monthly gathering of vibrant foodies and DIY enthusiasts. 💥Exclusive for Vaughan Brief readers - 50% OFF! Use the discount code VAUGHANBRIEFExplore and Join,vaughan-5-can-t-miss-father-s-day-picks,https://www.eventbrite.ca/e/craft-friday-make-your-own-perfume-a-scent-sational-experience-tickets-1322740876569,10,19,5,0.5
2025-06-12,For Golden Age Readers,4,Creative Age: Drum & Percussion Circle,vaughan-5-can-t-miss-father-s-day-picks,https://www.vaughanpl.info/programs/view/3569,5,5,5,0.1
2025-06-12,For Golden Age Readers,5,️ Swimming & Aquafitness - Make a Splash!,vaughan-5-can-t-miss-father-s-day-picks,https://vaughan.perfectmind.com/25076/Clients/BookMe4BookingPages/Classes?calendarId=71fe848e-2dbd-4ec5-92fa-7f2d0ad09354&widgetId=dff88c8a-0b78-4a94-9dde-250040385300&embed=False,15,15,5,0.8
2025-06-19,For Families,1,"Black Creek Village Medieval Faire - (All Ages, Ages < 9 are Free) Jousting, crafts, costumes - medieval history comes alive! Explore More",top-events-fluffy-pastry,https://faires.ca/blackcreek/schedule/,49,64,5,0.5
2025-06-19,For Families,2,Tales from the Candy Factory-Vellore Village Class,top-events-fluffy-pastry,https://tickets.cityplayhouse.ca/event/655:490/655:640/,26,29,5,0.1
2025-06-19,For Families,3,Woodbridge Village Farmers Market,top-events-fluffy-pastry,https://visitvaughan.ca/calendar/event/woodbridge-village-farmers-market-3/,117,147,5,0.9
2025-06-19,For Families,4,"Concerts in the Park Explore, hike, and discover nature’s beauty at Kortright! Learn More",top-events-fluffy-pastry,https://visitvaughan.ca/calendar/event/vaughan-celebrates-concerts-in-the-park-launch/,77,82,5,0.7
2025-06-19,For Families,5,The Ault Sisters,top-events-fluffy-pastry,https://www.facebook.com/events/1412761353076459/,40,45,5,0.3
2025-06-19,For Couples,1,"A spine-chilling, paranormal adventure in Black Creek Village Dark rooms, cold spots, and stories that follow you home. Check it out",top-events-fluffy-pastry,https://hauntedwalk.com/experience/alone-in-the-dark-the-village-at-black-creek/,5,6,4,0.125
2025-06-19,For Couples,1,"Food and Wine Festival in Canada’s Wonderland Flavors, fun, and thrills in every bite! Check it out",top-events-fluffy-pastry,https://visitvaughan.ca/calendar/event/canada-s-wonderland-food-and-wine-festival/,17,19,4,0.625
2025-06-19,For Couples,4,"️ Movie Night (Best romcom movie idea!) Movie Night: Popcorn, Friends, Films, and Fun!",top-events-fluffy-pastry,https://www.cineplex.com/movie/materialists?ic=cpx_hp-moviegrid-en,27,29,4,0.875
2025-06-19,For Couples,5,"️ Sante Healing Spa in Thornhill Relax, recharge, and renew your inner glow! Book your tickets",top-events-fluffy-pastry,https://www.santehealingspas.com/,13,13,4,0.375
2025-06-19,For Golden Age Readers,1,Garden Tour Woodbridge,top-events-fluffy-pastry,https://www.facebook.com/events/1255907362625229/,21,22,5,0.7
2025-06-19,For Golden Age Readers,2,‍🤝‍🧑 Aging Well Club,top-events-fluffy-pastry,https://www.eventbrite.ca/e/the-aging-well-club-father-e-bulfon-community-centre-registration-541771331637,27,30,5,0.9
2025-06-19,For Golden Age Readers,3,Latin Dance Open for Anyone,top-events-fluffy-pastry,https://www.facebook.com/events/1954474201963741/,13,16,5,0.3
2025-06-19,For Golden Age Readers,4,"Goat Yoga Stretch, bleat, and balance with tiny goats! Details",top-events-fluffy-pastry,https://www.yogakawa.com/shop/goat-yoga-vaughan/?srsltid=AfmBOorDW7KWQQy3wYIzU1HNpbu3ClsFNfGtmULMJp1mg9TtimzSj3TD,15,16,5,0.5
2025-06-19,For Golden Age Readers,5,Free Senior Events at Glynnwood,top-events-fluffy-pastry,https://www.facebook.com/groups/vaughanevents/posts/10059827864053398/,8,8,5,0.1
2025-06-26,For Families,1,Canada Day Party (All Ages) - tickets on SALE,canada-day-healthy-lava-cake,https://www.eventbrite.ca/e/richmond-hill-canada-day-party-tyme-fun-zone-tickets-tickets-1367319793309?aff=ebdssbdestsearch&keep_tld=1,50,61,5,0.9
2025-06-26,For Families,2,Canada Day at McMichael (All Ages),canada-day-healthy-lava-cake,https://mcmichael.com/event/2025-canada-day/,29,32,5,0.7
2025-06-26,For Families,3,Kids in Dance (Younger Ages),canada-day-healthy-lava-cake,https://tickets.cityplayhouse.ca/event/655:484/655:634/,15,17,5,0.3
2025-06-26,For Families,4,CandyLand Indoor Play Center Sweet adventures await at CandyLand Play! Learn More,canada-day-healthy-lava-cake,https://www.facebook.com/Candylandplaycenter,14,15,5,0.1
2025-06-26,For Families,5,3D World Builders,canada-day-healthy-lava-cake,https://www.facebook.com/events/528718613523846/,20,21,5,0.5
2025-06-26,For Couples,1,Interactive Evening of Hypno Meditation and Mediumship,canada-day-healthy-lava-cake,https://www.eventbrite.com/e/healing-through-hypno-meditation-and-mediumship-tickets-1380900744299,10,14,4,0.375
2025-06-26,For Couples,2,Russian Style Sauna,canada-day-healthy-lava-cake,https://saunatoronto.ca/,16,17,4,0.625
2025-06-26,For Couples,4,"Salsa/bachata latin, semiprivate dance class",canada-day-healthy-lava-cake,https://www.eventbrite.ca/e/salsabachata-latin-group-dance-class-hwy7404-tickets-935629772837?aff=ebdssbdestsearch,8,9,4,0.125
2025-06-26,For Couples,5,Vaughan Scavenger Hunt for Couples,canada-day-healthy-lava-cake,https://www.eventbrite.ca/e/city-love-scavenger-hunt-date-night-for-couples-vaughan-area-tickets-908965158257?aff=ebdssbdestsearch&keep_tld=1,23,25,4,0.875
2025-06-26,For Golden Age Readers,1,Julie Nesrallah Celebrates Italy at the McMichael,canada-day-healthy-lava-cake,https://mcmichael.com/event/julie-nesrallah-celebrates-italy-at-the-mcmichael/,13,14,4,0.875
2025-06-26,For Golden Age Readers,3,Make Your Own Perfume – A Scent-sational Experience! A monthly gathering of vibrant foodies and DIY enthusiasts. 💥Exclusive for Vaughan Brief readers - 50% OFF! Use the discount code VAUGHANBRIEFExplore and Join,canada-day-healthy-lava-cake,https://www.eventbrite.ca/e/craft-friday-make-your-own-perfume-a-scent-sational-experience-tickets-1322740876569,12,13,4,0.625
2025-06-26,For Golden Age Readers,4,"Living With Art - Summer Socials Sunshine, stories, smiles — seniors celebrate summer together!",canada-day-healthy-lava-cake,https://mcmichael.com/event/living-with-art-summer-socials/,8,9,4,0.375
2025-06-26,For Golden Age Readers,5,️ English Conversation Circle,canada-day-healthy-lava-cake,https://rhpl.bibliocommons.com/events/67e6f9b17374ee901dd82aff,5,6,4,0.125
2025-07-03,For Families,1,Vaughan Fiesta Extravaganza (Ages 13 & Up),kick-off-july-your-picks-inside,https://visitvaughan.ca/calendar/event/vaughan-fiesta-extravaganza/,41,47,4,0.375
2025-07-03,For Families,3,‍💻 Summer STEAM Camp (Grades 2-6),kick-off-july-your-picks-inside,https://www.eventbrite.ca/e/summer-steam-camp-tickets-1292875077159?aff=ebdssbdestsearch,27,32,4,0.125
2025-07-03,For Families,4,Destination: Into the Forest!,kick-off-july-your-picks-inside,https://www.vaughanpl.info/programs/view/3857,55,59,4,0.625
2025-07-03,For Families,5,Woodbridge Village Farmers Market,kick-off-july-your-picks-inside,https://visitvaughan.ca/calendar/event/woodbridge-village-farmers-market-3/,163,185,4,0.875
2025-07-03,For Couples,1,Vaughan International Music Festival,kick-off-july-your-picks-inside,https://visitvaughan.ca/calendar/event/vaughan-international-music-festival-3/,99,121,4,0.875
2025-07-03,For Couples,2,Introduction to Beekeeping 🔥🔥,kick-off-july-your-picks-inside,https://visitvaughan.ca/calendar/event/introduction-to-beekeeping-1/,26,29,4,0.375
2025-07-03,For Couples,3,Adult Workshop: Dragonflies and Damselflies,kick-off-july-your-picks-inside,https://trca.checkfront.com/reserve/?item_id=1460,18,20,4,0.125
2025-07-03,For Couples,5,The Village Market at Waldorf,kick-off-july-your-picks-inside,https://visitvaughan.ca/calendar/event/the-village-market-at-waldorf-2/,51,57,4,0.625
2025-07-03,For Golden Age Readers,1,Artful Yoga at McMichael,kick-off-july-your-picks-inside,https://visitvaughan.ca/calendar/event/artful-yoga-at-the-mcmichael/,27,30,5,0.3
2025-07-03,For Golden Age Readers,2,"Bunny Yoga Stretch, breathe, smile—while bunnies hop by!",kick-off-july-your-picks-inside,https://www.yogakawa.com/shop/bunny-yoga-vaughan/,39,45,5,0.7
2025-07-03,For Golden Age Readers,3,️Oil Painting Weekend with Judy Sherman,kick-off-july-your-picks-inside,https://visitvaughan.ca/calendar/event/oil-painting-weekend-with-judy-sherman-2/,15,16,5,0.1
2025-07-03,For Golden Age Readers,4,Aging Well Club,kick-off-july-your-picks-inside,https://www.vaughanpl.info/programs/view/3346,44,48,5,0.9
2025-07-03,For Golden Age Readers,5,THE MANDARIN BUFFET -20% DISCOUNT for Seniors 65+,kick-off-july-your-picks-inside,https://www.meetup.com/toronto-seniors-social-club/events/308328850/?recId=ef4cbd7f-21ed-490a-9c26-89b3e2d13fdb&recSource=event-search&searchId=9f9b1843-0152-4281-a470-9919766303a0&eventOrigin=find_page%24all&_gl=1*st65gy*_up*MQ..*_ga*MTU5MDUwNjk1NC4xNzUwNzE1ODA4*_ga_NP82XMKW0P*czE3NTA3MTU4MDgkbzEkZzAkdDE3NTA3MTU4MDgkajYwJGwwJGgw,37,54,5,0.5
2025-07-10,For Families,1,Black Creek Village Junior Make Shop Workers (Ages 6+) Hands-on fun for crafty kids at Black Creek! Explore More,kids-fun-tacos-tequila-fest,https://blackcreek.ca/events/#event=junior-makers-workshops-printed-posters-2;instance=20250713113000?popup=1&lang=en-US,23,26,5,0.1
2025-07-10,For Families,2,Summer Sunday at Kortright (All Ages),kids-fun-tacos-tequila-fest,https://kortright.org/whats-on/calendar/#event=summer-sunday-at-kortright;instance=20250713100000?popup=1&lang=en-US,32,38,5,0.3
2025-07-10,For Families,3,Family Picnic at Boyd (All Ages),kids-fun-tacos-tequila-fest,https://www.facebook.com/events/1501267530853719/,67,86,5,0.5
2025-07-10,For Families,4,"Lucky Lion Night Market Vaughan (All Ages) Spicy bites, glowing lights, unforgettable summer vibes! Learn More",kids-fun-tacos-tequila-fest,https://www.facebook.com/events/651489547934260/,136,171,5,0.7
2025-07-10,For Families,5,Vaughan Latin Festival (All Ages),kids-fun-tacos-tequila-fest,https://www.facebook.com/events/1100594901948312/,140,170,5,0.9
2025-07-10,For Golden Age Readers,1,Kitten Yoga,kids-fun-tacos-tequila-fest,https://www.yogakawa.com/shop/kitten-yoga-vaughan/,15,16,5,0.5
2025-07-10,For Golden Age Readers,2,Tuesdays Night Dancing in Woodbridge,kids-fun-tacos-tequila-fest,https://www.facebook.com/events/1101475128498323/,32,38,5,0.9
2025-07-10,For Golden Age Readers,3,‍♂️ Tech Tutor 1-on-1,kids-fun-tacos-tequila-fest,https://www.vaughanpl.info/programs/view/2563,10,12,5,0.1
2025-07-10,For Golden Age Readers,4,"Aging Well Club Learn, laugh, connect—fun for curious seniors! Details",kids-fun-tacos-tequila-fest,https://www.vaughanpl.info/programs/view/3346,22,27,5,0.7
2025-07-10,For Golden Age Readers,5,Perfume Making Workshop (Toronto - Highly Reviewed),kids-fun-tacos-tequila-fest,https://www.eventbrite.ca/e/perfume-making-workshop-craft-a-scented-memory-tickets-1371920333649?aff=erelexpmlt,14,16,5,0.3
2025-07-17,For Families,1,️ Learning Survival Skills with Family (Ages 10+),plans-that-aren-t-laundry,https://visitvaughan.ca/calendar/event/family-experiences-at-kortright-survival-skills/,17,18,5,0.1
2025-07-17,For Families,2,KidZfest at Canada's Wonderland (Ages 6 & Above) Nonstop fun for kids at Wonderland’s KidZfest! Explore More,plans-that-aren-t-laundry,https://visitvaughan.ca/calendar/event/kidzfest-at-canada-s-wonderland-2/,30,34,5,0.5
2025-07-17,For Families,3,Free Family Sundays at the McMichael (All Ages),plans-that-aren-t-laundry,https://visitvaughan.ca/calendar/event/free-family-sundays-at-the-mcmichael/,84,94,5,0.9
2025-07-17,For Families,4,Ghosts of the Village at Black Creek (Ages 9+) Tired of boring? Haunted Village nights bring real goosebumps. Check it out,plans-that-aren-t-laundry,https://blackcreek.ca/events/#event=ghosts-of-the-village-at-black-creek;instance=20250719000000?popup=1&lang=en-US,21,26,5,0.3
2025-07-17,For Families,5,Little Explorers Storytime (Ages 2-5 yo),plans-that-aren-t-laundry,https://www.vaughanpl.info/programs/view/2924,40,44,5,0.7
2025-07-17,For Couples,1,️ Vaughan Flavors Vaughan’s best bites – only for TWO weeks! Get the FULL list of Must-Tries!!,plans-that-aren-t-laundry,https://visitvaughan.ca/calendar/event/vaughan-flavours/,108,143,4,0.875
2025-07-17,For Couples,2,Vaughan Concert - Tribute to Eagles (All Ages) Soaring Eagles hits live under the Vaughan sky! Learn More,plans-that-aren-t-laundry,https://www.vaughan.ca/upcoming-events/vaughan-celebrates-concerts-park-eagles-tribute,91,104,4,0.625
2025-07-17,For Couples,4,Vaughan Pop Up Wedding Dress Sale Say yes to stylish gowns at steal-worthy prices!,plans-that-aren-t-laundry,https://www.facebook.com/events/1011783104429167/,21,26,4,0.125
2025-07-17,For Couples,5,"Woodbridge Farmer’s Market Local farmers, fresh food, good vibes - straight from Woodbridge market. Book your tickets",plans-that-aren-t-laundry,https://visitvaughan.ca/calendar/event/woodbridge-village-farmers-market-3/,73,81,4,0.375
2025-07-17,For Golden Age Readers,1,Civic Centre Resource Library,plans-that-aren-t-laundry,https://www.vaughanpl.info/events_calendars/calendar/library/11,2,2,5,0.1
2025-07-17,For Golden Age Readers,2,Creative Age: Drum & Percussion Circle,plans-that-aren-t-laundry,https://www.vaughanpl.info/programs/view/3569,7,7,5,0.3
2025-07-17,For Golden Age Readers,3,‍💻 Tech Tutor 1-on-1 Weekly Drop-ins,plans-that-aren-t-laundry,https://www.vaughanpl.info/programs/view/2563,12,12,5,0.9
2025-07-17,For Golden Age Readers,4,"️ English Conversation Circle Practice English, make friends, laugh and learn! Details",plans-that-aren-t-laundry,https://www.vaughanpl.info/programs/view/2377,8,8,5,0.5
2025-07-17,For Golden Age Readers,5,‍🦺 Visit Therapy Dogs,plans-that-aren-t-laundry,https://www.vaughanpl.info/programs/view/2397,10,11,5,0.7
2025-07-24,For Families,1,"Beetlejuice The Musical - (All Ages) It’s spooky, it’s silly, and the music is undead. Explore More",summer-camps-weekend-picks,https://tickets.cityplayhouse.ca/event/655:495/655:645/,28,43,5,0.9
2025-07-24,For Families,2,Summer STEM Camp (Multiple Age Groups),summer-camps-weekend-picks,https://exceedrobotics.com/summer-camp-landing-page/?gad_source=1&gad_campaignid=21110789207&gbraid=0AAAAADjUIIrpPXhRp2nnYey3U_FUNz95b&gclid=Cj0KCQjwyvfDBhDYARIsAItzbZEzYLAz8i8BNgzU40nuMXcBPhbAz7YTZjRiF7prEKQ_UVnWyInVp40aAgXFEALw_wcB,11,11,5,0.1
2025-07-24,For Families,3,‍🍳 Little Kitchen Academy (Ages 6-16),summer-camps-weekend-picks,https://littlekitchenacademy.com/locations/vaughan/,19,21,5,0.5
2025-07-24,For Families,4,‍♂️ New and Thrilling Superman Movie!,summer-camps-weekend-picks,https://www.cineplex.com/movie/superman-2025,17,21,5,0.3
2025-07-24,For Families,5,"️Summer Camp at Steel Peak Rides, music, characters - nonstop fun for kids! Learn More",summer-camps-weekend-picks,https://www.steelpeakclimbing.com/summercamp,27,29,5,0.7
2025-07-24,For Couples,1,Wine Tasting & Caribbean Cuisine Bold wines meet sizzling Caribbean flavor adventure! Check it out,summer-camps-weekend-picks,https://www.eventbrite.ca/e/wine-tasting-caribbean-food-tickets-1415242090189?aff=ebdssbdestsearch,41,44,4,0.625
2025-07-24,For Couples,2,Santana Concert Tribute Latin grooves ignite soulful Santana tribute night! Check it out,summer-camps-weekend-picks,https://www.vaughan.ca/upcoming-events/vaughan-celebrates-concerts-park-santana-tribute,55,62,4,0.875
2025-07-24,For Couples,3,️ Date Night: Race & Play for $65 - K1 Speed Skip dinner—go full throttle at K1 Speed instead. More Info,summer-camps-weekend-picks,https://www.k1speed.ca/blog/datenight,35,37,4,0.375
2025-07-24,For Couples,4,"Stone City Rockers Concert (Rock) Loud guitars, epic vibes, unforgettable rock night!",summer-camps-weekend-picks,https://www.facebook.com/events/1397450918192718/,12,15,4,0.125
2025-07-31,For Families,1,"‍♂️ The All-New Royal Canadian Family Circus (All Ages) Step right up - wild stunts, big laughs, and popcorn thrills! Explore More",hot-weekend-picks-in-vaughan,https://visitvaughan.ca/calendar/event/royal-canadian-international-circus-1/,65,78,5,0.7
2025-07-31,For Families,2,Canada’s Wonderland Fireworks (All Ages),hot-weekend-picks-in-vaughan,https://visitvaughan.ca/calendar/event/canada-s-wonderland-fireworks-2/,36,40,5,0.5
2025-07-31,For Families,3,The Village Farmer’s Market at Waldorf (All Ages),hot-weekend-picks-in-vaughan,https://visitvaughan.ca/calendar/event/the-village-market-at-waldorf-2/,138,158,5,0.9
2025-07-31,For Families,4,Splitsville Woodbridge Bowling (Age 7+ Angry Birds + bowling? Splitsville’s spare time = well spent. Learn More,hot-weekend-picks-in-vaughan,https://www.splitsvillebowl.ca/woodbridge-bowling?gad_source=1&gad_campaignid=21981368593&gbraid=0AAAAA-k2AQFo-8VtuvzVmRQF0vBvOfhtN&gclid=Cj0KCQjwhafEBhCcARIsAEGZEKIQLFhYTVXytxhz4a-K8TiIHSJmZroKwk7cbI8wBj_3kHuQx6CHF7MaAnxCEALw_wcB,23,29,5,0.3
2025-07-31,For Families,5,️ 3D Studio: Creators (Ages 8-14),hot-weekend-picks-in-vaughan,https://www.facebook.com/events/902950952007469/,15,16,5,0.1
2025-07-31,For Couples,1,"️ Patio Party Cold drinks, hot tunes, and patio vibes that hit right. Book your tickets",hot-weekend-picks-in-vaughan,https://www.facebook.com/events/759369486510394/,30,35,5,0.5
2025-07-31,For Couples,2,Carnival Amnesia Caribbean beats + summer night = no regrets. Check it out,hot-weekend-picks-in-vaughan,https://www.facebook.com/events/2771032566619272/,21,23,5,0.3
2025-07-31,For Couples,3,"Limited Time Argentine Tango Classes 🚨 Seductive steps, sultry stories - yes, tango has a dark side. Check it out",hot-weekend-picks-in-vaughan,https://www.facebook.com/events/693749196782530/693749220115861/?active_tab=about,14,17,5,0.1
2025-07-31,For Couples,4,Woodbridge Village Farmers Market,hot-weekend-picks-in-vaughan,https://visitvaughan.ca/calendar/event/woodbridge-village-farmers-market-3/,68,75,5,0.9
2025-07-31,For Couples,5,Not For Nothin’ Comedy show with DBG,hot-weekend-picks-in-vaughan,https://tickets.cityplayhouse.ca/event/655:450/655:573/,37,42,5,0.7
2025-08-07,For Families,1,"‍♂ Vaughan CoPop Culture Convention (Under 10 yo - Free!) Cosplay, comics, fun collide at VaughanCon! Explore More",5-picks-before-summer-s-gone,https://www.vaughancon.com/,32,33,4,0.625
2025-08-07,For Families,2,Moana the Musical - Free!,5-picks-before-summer-s-gone,https://tickets.cityplayhouse.ca/event/655:496/655:646/,43,52,4,0.875
2025-08-07,For Families,3,Family Experiences at Kortright: Mapping and Orienting No signal? No problem. Learn real map survival skills. Learn More,5-picks-before-summer-s-gone,https://kortright.org/whats-on/calendar/#event=family-experiences-at-kortright-mapping-and-orienteering;instance=20250809133000?popup=1&lang=en-US,23,25,4,0.375
2025-08-07,For Families,5,Makers With a Cause - Volunteer Hours for High SchoolersMeaningful DIY activities that earn for you volunteering hours.Learn More,5-picks-before-summer-s-gone,https://www.eventbrite.ca/e/makers-with-a-cause-registration-1409355001749?aff=oddtdtcreator,0,0,4,0.125
2025-08-07,For Couples,1,Vaughan Mosaic Lamp Making Workshop Craft your own dazzling mosaic lamp erpiece! Book your tickets,5-picks-before-summer-s-gone,https://www.eventbrite.ca/e/vaughan-mosaic-lamp-making-workshop-tickets-1287090465229?aff=ebdssbdestsearch,26,28,4,0.875
2025-08-07,For Couples,2,Artmaking Workshop - Making Windows Bird Safe Create creative birds in artistic fun adventure! Check it out,5-picks-before-summer-s-gone,https://mcmichael.com/event/making-windows-bird-safe-artmaking-workshop/,11,12,4,0.375
2025-08-07,For Couples,4,"Golden Break Billiard & Lounge Chill vibes, smooth shots, lounge and play! Book your tickets",5-picks-before-summer-s-gone,https://www.facebook.com/profile.php?id=100063544748255#,12,14,4,0.625
2025-08-07,For Couples,5,️ Kipling Gallery Discover stunning art at Kipling Gallery! Book your tickets,5-picks-before-summer-s-gone,https://visitvaughan.ca/directory/id/kipling-gallery/,10,11,4,0.125
2025-08-07,For Golden Age Readers,1,‍🤝‍🧑 Aging Well Club - Gardening,5-picks-before-summer-s-gone,https://www.vaughanpl.info/programs/view/3346,15,16,5,0.6
2025-08-07,For Golden Age Readers,2,Romance Book Club,5-picks-before-summer-s-gone,https://www.vaughanpl.info/programs/view/3110,6,6,5,0.2
2025-08-07,For Golden Age Readers,3,️ Tech Tutor 1-On-1,5-picks-before-summer-s-gone,https://www.vaughanpl.info/programs/view/2563,6,6,5,0.2
2025-08-07,For Golden Age Readers,4,"Artful Yoga Stretch, breathe, and create in artistic harmony! Details",5-picks-before-summer-s-gone,https://mcmichael.com/event/artful-yoga/,15,15,5,0.6
2025-08-07,For Golden Age Readers,5,Cooking Conversation Circle,5-picks-before-summer-s-gone,https://www.vaughanpl.info/programs/view/3807,22,23,5,0.9
2025-08-14,For Families,1,"Robintide Strawberry Farming (All Ages) Strawberry season’s short - get picking while the fields are ripe! Explore More 🐦 Family Experiences at Kortright: Nature Experience (Ages 6+) Pond critters, bird calls, tree secrets - nature comes alive here. Learn More",5-events-everyone-wants,https://robintidefarms.com/strawberries/,46,52,4,0.875
2025-08-14,For Families,3,️ Junior Makers Workshops: Out of the Blue Box (Ages 6+),5-events-everyone-wants,https://calendar.trca.ca/event/junior-makers-workshops-out-of-the-blue-box/,5,5,4,0.125
2025-08-14,For Families,4,️ Free Family Sundays at the Michael (All Ages),5-events-everyone-wants,https://visitvaughan.ca/calendar/event/free-family-sundays-at-the-mcmichael/,40,43,4,0.625
2025-08-14,For Families,5,Silent Mindfulness Retreat in Nature (Ages 15+),5-events-everyone-wants,https://kortright.org/whats-on/calendar/#event=naturally-mindful-restorative-summer-reset;instance=20250817100000?popup=1&lang=en-US,24,28,4,0.375
2025-08-14,For Couples,1,Craft Beer Festival One day. Endless pours. If you miss it - you’ll hear about it. Check it out,5-events-everyone-wants,https://www.eventbrite.ca/e/richmond-hill-craft-beer-festival-tickets-1424936897619?aff=ebdssbdestsearch,49,58,5,0.8
2025-08-14,For Couples,2,Bruce Springsteen Tribute Concert Rock out to timeless Springsteen hits live! Book your tickets,5-events-everyone-wants,https://www.vaughan.ca/upcoming-events/vaughan-celebrates-concerts-park-bruce-springsteen-tribute,49,62,5,0.8
2025-08-14,For Couples,3,Under the Stars Poetry & Live Music Event - Markham,5-events-everyone-wants,https://www.eventbrite.com/e/2nd-under-the-stars-poetry-and-live-music-event-tickets-1415922645749?aff=ebdssbdestsearch&keep_tld=1,18,19,5,0.1
2025-08-14,For Couples,4,️ Paint & Sip Mexican Amigos,5-events-everyone-wants,https://www.eventbrite.com/e/paint-sip-margaritas-masterpieces-tickets-1528185667469?aff=ebdssbdestsearch&keep_tld=1,37,39,5,0.5
2025-08-14,For Couples,5,"Argentine Tango Classes Passion, rhythm, and fun—dance the tango!",5-events-everyone-wants,https://www.facebook.com/events/693749196782530/693749266782523/?active_tab=about,19,24,5,0.3
2025-08-21,For Families,1,Summer Sunday at Kortright,5-events-before-summer-s-gone,https://kortright.org/whats-on/calendar/#event=summer-sunday-at-kortright;instance=20250824100000?popup=1&lang=en-US,38,40,5,0.9
2025-08-21,For Families,2,"Exclusive Canvas Painting with Family Create, laugh, paint — unforgettable family art time. Explore More",5-events-before-summer-s-gone,https://allevents.in/vaughan/canvas-painting/200028551452534,33,37,5,0.7
2025-08-21,For Families,3,"DP Lazer Maze Glow, dodge, crawl — conquer the laser challenge! Learn More",5-events-before-summer-s-gone,https://lazermaze.ca/,14,15,5,0.5
2025-08-21,For Families,4,‍🎤 Camp Curtain Call - Camp for Kids Focused on Musical Theatre,5-events-before-summer-s-gone,https://tickets.cityplayhouse.ca/event/655:497/655:647/https://tickets.cityplayhouse.ca/event/655:497/655:647/,6,7,5,0.3
2025-08-21,For Families,5,Ghosts of the Village at Black Creek,5-events-before-summer-s-gone,https://calendar.trca.ca/event/where-dark-things-dwell-2/,0,0,5,0.1
2025-08-21,For Couples,1,"Make a Succulent Terrarium + Beers & Laughs Craft mini gardens, sip beers, share laughs! Check it out",5-events-before-summer-s-gone,https://www.eventbrite.com/e/plant-nite-make-a-succulent-terrarium-tickets-1409031925419,26,31,4,0.625
2025-08-21,For Couples,2,"Woodworking and Crafted Goods Event Explore unique handcrafted goods, no tools required! Check it out",5-events-before-summer-s-gone,https://www.facebook.com/events/1820488302156157/,31,32,4,0.875
2025-08-21,For Couples,3,"Kortright - Adult Workshop: Fish Identification Nature, lights, laughter — Kortright’s magic winter escape. Book your tickets",5-events-before-summer-s-gone,https://kortright.org/whats-on/calendar/#event=adult-workshop-fish-identification;instance=20250824100000?popup=1&lang=en-US,6,7,4,0.125
2025-08-21,For Couples,4,"New Chilling Horror Movie - Weapons Edge-of-seat thrills, dark secrets, chilling fear!",5-events-before-summer-s-gone,https://www.cineplex.com/theatre/cineplex-cinemas-vaughan?openTM=true#,7,7,4,0.375
2025-08-21,For Golden Age Readers,1,Antiques and Collectables Sale,5-events-before-summer-s-gone,https://www.facebook.com/events/7780-yonge-st-vaughan-on-l4j-1w3-canada/antiques-collectables-sale/615351941631294/,35,39,5,0.9
2025-08-21,For Golden Age Readers,2,‍🤝‍🧑 Forest Therapy Walk,5-events-before-summer-s-gone,https://mcmichael.com/event/forest-therapy-walk/,31,36,5,0.7
2025-08-21,For Golden Age Readers,3,Local Author Showcase,5-events-before-summer-s-gone,https://www.vaughanpl.info/programs/view/2199,6,6,5,0.1
2025-08-21,For Golden Age Readers,4,"Goat Yoga Stretch, bleat, and balance with tiny goats! Details",5-events-before-summer-s-gone,https://www.yogakawa.com/shop/goat-yoga-vaughan/?srsltid=AfmBOorDW7KWQQy3wYIzU1HNpbu3ClsFNfGtmULMJp1mg9TtimzSj3TD,29,33,5,0.5
2025-08-21,For Golden Age Readers,5,Great Novels Book Club,5-events-before-summer-s-gone,https://www.vaughanpl.info/programs/:action/3255,8,9,5,0.3
2025-08-28,For Families,1,Woodbridge Village Farmers Market,3-fests-family-fun-bbq,https://visitvaughan.ca/calendar/event/woodbridge-village-farmers-market-3/,110,121,5,0.9
2025-08-28,For Families,2,"Humber River Festival & Frog Festival (All Ages) Riverside music, food, and frogs leaping fun! Explore More",3-fests-family-fun-bbq,https://visitvaughan.ca/calendar/event/humber-river-festival-1/,93,97,5,0.7
2025-08-28,For Families,3,Canada’s Wonderland Fireworks Sky explodes with color above thrilling Wonderland! Book your tickets,3-fests-family-fun-bbq,https://visitvaughan.ca/calendar/event/canada-s-wonderland-fireworks-2/,35,38,5,0.1
2025-08-28,For Families,4,"Family Paint Party (Ages 6+) Colorful brushes, big laughs, memories to keep! Learn More",3-fests-family-fun-bbq,https://www.eventbrite.com/e/family-paint-party-tickets-1384063494169?aff=ebdssbdestsearch,37,38,5,0.3
2025-08-28,For Families,5,Ghosts of the Village at Black Creek (Ages are up to 14) Spooky tales come alive in a historic village! More Info,3-fests-family-fun-bbq,https://calendar.trca.ca/event/126926-3/,40,42,5,0.5
2025-08-28,For Couples,1,"Persian Food & Music Festival Spices, rhythms, and dancing—Persia comes alive! Plan Your Day",3-fests-family-fun-bbq,https://visitvaughan.ca/calendar/event/persian-food-music-festival/,42,43,5,0.7
2025-08-28,For Couples,2,"‍🍳 The South-Indian Festival - Onachantha Live music, dance, parades - come for the culture, stay for the vibes! Check it out",3-fests-family-fun-bbq,https://www.facebook.com/events/645411358521992/,21,22,5,0.4
2025-08-28,For Couples,3,"Puppy Yoga by Yoga Kawa Solo or coupled up—this is pure, tail-wagging joy. Check it out",3-fests-family-fun-bbq,https://www.eventbrite.ca/e/puppy-yoga-by-yoga-kawa-markham-pomsky-puppies-tickets-1548498313139?aff=ebdssbdestsearch,21,22,5,0.4
2025-08-28,For Couples,4,"Ballroom & Latin Semiprivate Classes Dance with style, rhythm, and graceful moves!",3-fests-family-fun-bbq,https://www.eventbrite.ca/e/ballroom-and-latin-mix-semiprivate-class-every-monday-6-7-pm-at-hwy-7404-tickets-1281066778219?aff=ebdssbdestsearch,14,15,5,0.1
2025-08-28,For Couples,5,"Magnotta Your Patio Spot Is Waiting - Wine, Bites & Sunset Vibes. Book your visit",3-fests-family-fun-bbq,https://www.magnotta.com/tour.aspx,43,45,5,0.9
2025-08-28,For Golden Age Readers,1,Plants & Prints – An Eco-Dye Workshop for Community,3-fests-family-fun-bbq,https://calendar.trca.ca/event/plants-prints-a-eco-dye-workshop-for-community-and-sustainability/,21,22,4,0.75
2025-08-28,For Golden Age Readers,2,‍🤝‍🧑 The Human Touch Book Club,3-fests-family-fun-bbq,https://www.vaughanpl.info/programs/view/3253,21,27,4,0.75
2025-08-28,For Golden Age Readers,3,Artful Yoga McMichael,3-fests-family-fun-bbq,https://visitvaughan.ca/calendar/event/artful-yoga-at-the-mcmichael/,17,17,4,0.375
2025-08-28,For Golden Age Readers,4,‍💻 Tech Tutor 1-on-1 Personal tech wizard guiding you through screens! Details,3-fests-family-fun-bbq,https://www.vaughanpl.info/programs/view/2563,5,5,4,0.125
2025-09-04,For Families,1,Robintide Farms,5-events-everyone-loves,https://robintidefarms.com/,69,73,5,0.9
2025-09-04,For Families,2,Iconic haunted village Step inside. Hear the stories. Some say they’re still there. Explore More,5-events-everyone-loves,https://calendar.trca.ca/event/126926-4/,46,47,5,0.3
2025-09-04,For Families,3,️ Volunteers Needed Your teens need volunteer hours? Here’s an easy win. Get your hours,5-events-everyone-loves,https://www.facebook.com/events/1949570519129001,50,54,5,0.5
2025-09-04,For Families,4,"️ Chess123 - Youth Chess Festival - Don’t Forget to Register Think fast, play smart - Canada’s top young minds face off! Learn More",5-events-everyone-loves,https://www.facebook.com/events/2646585535673463/,16,16,5,0.1
2025-09-04,For Families,5,Jewish Festival at Chabad Romano Centre This isn’t just an event - it’s a full-on family fest. More Info,5-events-everyone-loves,https://www.facebook.com/events/24453574147612852,51,55,5,0.7
2025-09-04,For Couples,1,"Octoberfest - Authentic German Beer & Food Festival Premium brews, German eats, and fall fun for couples. Plan Your Day",5-events-everyone-loves,https://www.canadaswonderland.com/events/oktoberfest,50,55,5,0.7
2025-09-04,For Couples,2,"VAUGHANSTOCK Unforgettable night of music, culture, and high-energy entertainment. Check it out",5-events-everyone-loves,https://assemblypark.ca/events/,86,91,5,0.9
2025-09-04,For Couples,3,Open mic music Your moment’s waiting—Fridays from 7 p.m. until late. Check it out,5-events-everyone-loves,https://visitmarkham.ca/event-calendar/open-mic-music/2025-09-05/,32,35,5,0.3
2025-09-04,For Couples,4,"Concerts in RH Summer nights, live tunes - tribute bands, local stars, big vibes.",5-events-everyone-loves,https://www.experienceyorkregion.com/event/concerts-in-richmond-hill/2025-09-04/,47,50,5,0.5
2025-09-04,For Couples,5,"Main Street Unionville Tour Explore stories, secrets, and architecture on a guided tour. Book your visit",5-events-everyone-loves,https://docs.google.com/forms/d/e/1FAIpQLSc27WOWOdK83KFtYcocUrKOWHkadM7cVWFytCHg6d7ggQDH4w/viewform?pli=1,30,32,5,0.1
2025-09-04,For Golden Age Readers,1,Indigenous Textile Weaving,5-events-everyone-loves,https://calendar.trca.ca/event/first-saturday-textile-weaving/,9,9,4,0.125
2025-09-04,For Golden Age Readers,2,‍🤝‍🧑 Blooms Garden Social in RH,5-events-everyone-loves,https://www.eventbrite.ca/e/2025-richmond-hill-blooms-garden-social-tickets-1513840691259?aff=oddtdtcreator,11,11,4,0.375
2025-09-04,For Golden Age Readers,3,Artful Yoga McMichael,5-events-everyone-loves,https://mcmichael.com/event/artful-yoga/,13,13,4,0.625
2025-09-04,For Golden Age Readers,4,The Mandarin Buffet,5-events-everyone-loves,https://www.meetup.com/toronto-seniors-social-club/events/309207544,18,18,4,0.875
2025-09-11,For Families,1,Monster Trucks All Out (All Ages),the-one-you-can-t-miss,https://event.attendstar.com/event/show/monster-trucks-all-out-woodbridge-on,46,52,5,0.9
2025-09-11,For Families,2,Paranormal Cirque Thornhill Dark circus thrills - paranormal scares you’ll never forget. Dare? Explore More,the-one-you-can-t-miss,https://www.eventticketscenter.com/paranormal-cirque-iv-thornhill-tickets/1228729/e,18,19,5,0.5
2025-09-11,For Families,3,The Magic of Monarchs (Age 6+) Watch eggs become butterflies; kids receive milkweed kits to plant. More Info,the-one-you-can-t-miss,https://trca.ca/events-calendar/#event=the-magic-of-monarchs;instance=20250913100000?popup=1&lang=en-US,23,24,5,0.7
2025-09-11,For Families,4,Pumpkin-Spiced Mochi Workshop (Age 4+) Hands-on mochi class: moms & kids craft chewy treats memories together. Learn More,the-one-you-can-t-miss,https://rookstocooks.ca/products/pumpkin-spiced-mochi-workshop,12,13,5,0.1
2025-09-11,For Families,5,"Children’s Art Classes at McMichale (Age 5-12) Create, paint, sculpt in gallery; limited spots with instructors today. More Info",the-one-you-can-t-miss,https://mcmichael.com/event/saturdays-at-the-mcmichael-sam-childrens-art-classes/,16,16,5,0.3
2025-09-11,For Couples,1,"TIFF TORONTO Worth the drive: TIFF premieres, celeb sightings, electric downtown energy. Plan Your Visit",the-one-you-can-t-miss,https://www.tiff.net/calendar,8,8,4,0.125
2025-09-11,For Couples,2,6 Weeks Tango Intensive & Guided Practicas Turn Saturdays romantic: 6-week tango course with guided practicas. Check it out,the-one-you-can-t-miss,https://www.facebook.com/events/1310188180465373,13,14,4,0.375
2025-09-11,For Couples,3,‍♀️Mindfulness Meditation in Nature 6-week course Outdoor mindfulness course for six Saturdays restoring calm and connection. Check it out,the-one-you-can-t-miss,https://trca.ca/event/naturally-mindful-introduction-to-mindfulness-meditation-in-nature-6-week-course/,30,30,4,0.75
2025-09-11,For Couples,4,"‍🍳The Chef Upstairs - Caribbean Vibes or Italian Classics Knife Classes Cook together, chef-led date night, multi-course feast tonight.",the-one-you-can-t-miss,https://thechefupstairs.com/pages/adult-classes,30,31,4,0.75
2025-09-11,For Golden Age Readers,1,Printed in Souds: Venice and Beyond,the-one-you-can-t-miss,https://mcmichael.com/event/tafelmusik-baroque-orchestra-painted-in-sound-venice-and-beyond/,10,11,5,0.1
2025-09-11,For Golden Age Readers,2,️ 𝐓𝐡𝐨𝐫𝐧𝐡𝐢𝐥𝐥’𝐬 𝐑𝐞𝐝 𝐃𝐨𝐨𝐫 𝐆𝐚𝐥𝐥𝐞𝐫𝐲 – 𝐀𝐫𝐭 𝐒𝐡𝐨𝐰 & 𝐒𝐚𝐥𝐞,the-one-you-can-t-miss,https://www.facebook.com/events/1296929708477405/1296929731810736/?active_tab=about,14,15,5,0.3
2025-09-11,For Golden Age Readers,3,Old Fashioned Hoedown,the-one-you-can-t-miss,https://www.facebook.com/photo/?fbid=122135351768914228&set=gm.1798710407409628,18,21,5,0.5
2025-09-11,For Golden Age Readers,4,"High Tea, An Afternoon Tea Gathering",the-one-you-can-t-miss,https://www.meetup.com/labellavita-com/events/310927504/?recId=42a96713-b2f5-4b2f-95f8-c84a590d8f80&recSource=event-search&searchId=5e652a7d-8ca0-41b5-8d33-f047c82cb55c&eventOrigin=find_page%24all,51,56,5,0.9
2025-09-11,For Golden Age Readers,5,"‍♂️Aging Well Club Adventurous seniors series: fresh topics, friendly faces Details",the-one-you-can-t-miss,https://www.vaughanpl.info/programs/view/3346,26,27,5,0.7
2025-09-18,For Families,1,Honeycrisp opener,5-picks-that-ll-save-your-weekend,https://www.facebook.com/events/2012589199558934,130,143,5,0.9
2025-09-18,For Families,2,"One-day artisan marketplace in RH Free portraits, face painting, holiday gifts, live band, artisan market. Explore More",5-picks-that-ll-save-your-weekend,https://www.richmondhill.ca/en/things-to-do/artwalk.aspx,67,77,5,0.5
2025-09-18,For Families,3,Honey Harvest Celebration at Kortright Honey Harvest Celebration at Kortright Get your hours,5-picks-that-ll-save-your-weekend,https://kortright.org/whats-on/calendar/#event=honey-harvest-celebration-at-kortright;instance=20250920100000?popup=1&lang=en-US,54,60,5,0.3
2025-09-18,For Families,4,"Beat PA Day panic: book full-year camps, care, reminders now. PA Day solved: outdoor Nature School adventure, curious kids guaranteed. Learn More👉 Never scramble last-minute - schedule PA Days now",5-picks-that-ll-save-your-weekend,https://trca.checkfront.com/reserve/?item_id=736&date=20250926&_ga=2.160903165.1168807797.1756220884-1194186854.1750800710,12,12,5,0.1
2025-09-18,For Families,5,"Fall Festival at The Village Fall harvest festival: pumpkin contest, music & delicious seasonal tastings.",5-picks-that-ll-save-your-weekend,https://calendar.trca.ca/event/fall-festival-at-the-village/,102,107,5,0.7
2025-09-18,For Couples,1,"2v2 Dodgeball Fast-paced 2v2 dodgeball tournament, come with your partner!",5-picks-that-ll-save-your-weekend,https://www.facebook.com/events/1332188581806105/,7,7,5,0.3
2025-09-18,For Couples,2,"The Uncle Louie Variety Comedy Show Date night: Italian-American comedy, childhood confessions, nonstop laughs. Check it out",5-picks-that-ll-save-your-weekend,https://www.facebook.com/events/4197335223886867/,34,36,5,0.7
2025-09-18,For Couples,3,"The Neckties kick off the Fall Rock Classic anthems, modern bangers, the Neckties ignite your fall opener. Buy the tickets here",5-picks-that-ll-save-your-weekend,https://www.facebook.com/events/812872831306730/,4,5,5,0.1
2025-09-18,For Couples,4,"Taste of Sicily Celebration Sicilian feast night: arancini, spritzes, pasta, involtini - don't miss this out.",5-picks-that-ll-save-your-weekend,https://allevents.in/vaughan/taste-of-sicily-celebration/200028608649635,71,75,5,0.9
2025-09-18,For Couples,5,‍🤝‍🧑🌳 Couple Forest Therapy Breathe easier in nature—gentle mindfulness strolls rejuvenate. Book your spot,5-picks-that-ll-save-your-weekend,https://mcmichael.com/event/forest-therapy-walk/,32,33,5,0.5
2025-09-18,For Golden Age Readers,1,Life After Fifty-Five - Retirees Luncheon,5-picks-that-ll-save-your-weekend,https://www.facebook.com/events/998899258974460/,22,24,5,0.9
2025-09-18,For Golden Age Readers,2,‍♀️ Lifeshiift webinar with Leigh Graham,5-picks-that-ll-save-your-weekend,https://www.eventbrite.ca/e/age-well-5-exercise-essentials-for-lifelong-strength-mobility-tickets-1640683792389?aff=oddtdtcreator,7,7,5,0.3
2025-09-18,For Golden Age Readers,3,Artful Yoga McMichael,5-picks-that-ll-save-your-weekend,https://mcmichael.com/event/artful-yoga/,3,3,5,0.1
2025-09-18,For Golden Age Readers,4,"️ Dot-Painting Workshop Paint 4-inch apple rocks - simple dotting, display-ready keepsakes. More Info",5-picks-that-ll-save-your-weekend,https://allevents.in/vaughan/vaughan-4-apple-orchard-rock-dot-painting-workshop/200028724935331,9,9,5,0.5
2025-09-18,For Golden Age Readers,5,"Retired / semi-retired - Probus Club Meet Make retirement richer: meets monthly - friendship, speakers. More Info",5-picks-that-ll-save-your-weekend,https://vaughan.probuscanada.ca/,19,19,5,0.7
2025-09-25,For Families,1,Community Tree Planting Event (Age 6+),the-5-that-never-disappoint,https://allevents.in/vaughan/community-tree-planting-event-at-langstaff-park/100001622638117289,28,28,5,0.7
2025-09-25,For Families,2,"Vibrant Ukrainian floral folk art workshop (Age 14+) Beginner-friendly, free: history, techniques, guided creation, materials included. Explore More",the-5-that-never-disappoint,https://allevents.in/vaughan/floral-folk-art-fun/100001431985149129,14,14,5,0.3
2025-09-25,For Families,3,"Wildflower Planting at Kortright (Age 14+) Earn volunteer hours planting wildflowers - help pollinators, meet friends. Get your volunteer hours",the-5-that-never-disappoint,https://kortright.org/whats-on/calendar/#event=conservation-youth-corp-cyc-wildflower-planting-at-kortright;instance=20250926100000?popup=1&lang=en-US,16,17,5,0.5
2025-09-25,For Families,4,"‍🍳 Cooking Academy for Kids (Age 6-8) Sweet and savory skills: kids bake safely, proudly bringing treats. Learn More",the-5-that-never-disappoint,https://app.amilia.com/store/en/little-kitchen-academy-vaughan/shop/activities/6102265?_gl=1*1fg0fzu*_gcl_aw*R0NMLjE3NTYyMTM4OTUuQ2owS0NRandoNXZGQmhDeUFSSXNBSEJ4Mnd4NEpnRm1rcDgycGxGTFhLZ1ljdHc3OEppY25vQ29DVjdEaTd5eG9uZEVUOGNYaTI4cDA4SWFBdUg2RUFMd193Y0I.*_gcl_au*MTEzMjEyOTI0Mi4xNzU2MjEzNzQ1*_ga*MTY5MTk1MDYzMS4xNzU2MjEzNzQ2*_ga_NZ8CGT75SC*czE3NTg3MTY0ODIkbzMkZzEkdDE3NTg3MTY2MDIkajYwJGwwJGgw&date=2025-09-27&view=month&scrollToCalendar=false,8,8,5,0.1
2025-09-25,For Families,5,"Pet Adoption Event (All Ages) Find your perfect pup Friday- adopt, cuddle, fall in love.",the-5-that-never-disappoint,https://www.facebook.com/events/1120057649639905/,39,41,5,0.9
2025-09-25,For Couples,1,"Culinary 101: Thai Tastes Knife Skills Date-night upgrade: hands-on Culinary 101, travel flavors without airfare.",the-5-that-never-disappoint,https://thechefupstairs.com/products/vaughan-culinary-101-world-tour-thai-tastes-knife-skills?start=2025-09-01T00%3A00&select=2025-09-28T14%3A00,32,34,5,0.9
2025-09-25,For Couples,2,"The United Nations of Comedy Multiple comics, fresh perspectives - relatable family chaos. Check it out",the-5-that-never-disappoint,https://tickets.cityplayhouse.ca/event/655:482/,23,25,5,0.3
2025-09-25,For Couples,3,"Rosh HaShanah Party Cozy lounge, premium cocktails, flavorful hookahs. Book your spot",the-5-that-never-disappoint,https://www.facebook.com/events/783752751038582/,26,26,5,0.7
2025-09-25,For Couples,4,"Kvetch - Alt-rock cover band at Archibald's Pub Pub vibes, hearty plates, live music - bring the crew with you.",the-5-that-never-disappoint,https://www.facebook.com/events/2241519146307388,19,21,5,0.1
2025-09-25,For Couples,5,"Menopause The Musical Four hilarious women, one black bra - relatable, riotous, must-see. Book your spot",the-5-that-never-disappoint,https://tickets.rhcentre.ca/Online/default.asp?doWork%3A%3AWScontent%3A%3AloadArticle=Load&BOparam%3A%3AWScontent%3A%3AloadArticle%3A%3Aarticle_id=66C61C24-A6E1-4544-BA5D-B90F047E0D0E,25,27,5,0.5
2025-09-25,For Golden Age Readers,1,Sheep Puff Workshop,the-5-that-never-disappoint,https://www.eventbrite.ca/e/needle-felt-a-chewing-sheep-puff-workshop-in-toronto-tickets-1571083616389,18,20,5,0.5
2025-09-25,For Golden Age Readers,2,Hidden Black Creek: Tour Vaughan’s Historical Buildings,the-5-that-never-disappoint,https://calendar.trca.ca/event/hidden-black-creek-tour-vaughans-historical-buildings/,22,25,5,0.7
2025-09-25,For Golden Age Readers,3,️Curatorial Talk: Early Days: Indigenous Art,the-5-that-never-disappoint,https://mcmichael.com/event/curatorial-talk-early-days/,7,8,5,0.1
2025-09-25,For Golden Age Readers,4,‍♀️Forest Therapy Walk Breathe easier in nature - gentle mindfulness strolls rejuvenate. More Info,the-5-that-never-disappoint,https://mcmichael.com/event/forest-therapy-walk/,32,34,5,0.9
2025-09-25,For Golden Age Readers,5,"‍🤝‍🧑Free Cripping the Past is a social dance ball Accessible, queer-affirming social dancing demonstrations, food, and fun. More Info",the-5-that-never-disappoint,https://calendar.trca.ca/event/animating-historic-sites-pushmakers-cripping-the-past/,13,16,5,0.3
2025-10-02,For Families,1,8th Annual Woodbridge Fair Car Show (All Ages),queen-tribute-big-sales-bbq,https://www.facebook.com/events/1503442263974682/,103,115,5,0.7
2025-10-02,For Families,2,"Fall Market Free fall market: vendors, bakery café, kids meet a fire truck. Explore More",queen-tribute-big-sales-bbq,https://www.vaughan.ca/upcoming-events/tdchristian-fall-market,149,160,5,0.9
2025-10-02,For Families,3,Fall Colours at Kortright (All Ages)Enjoy a walk in a beautiful mixed hardwood forest to view the fall colours at their best.Details,queen-tribute-big-sales-bbq,https://kortright.org/whats-on/calendar/#event=fall-colours-2;instance=20251011100000?popup=1&lang=en-US,64,68,5,0.5
2025-10-02,For Families,4,"️ Black Creek Storytelling (Age 8+) Folk tales, romance, rebellion—it’s storytelling with a wink. Learn More",queen-tribute-big-sales-bbq,https://calendar.trca.ca/event/first-saturday-jewish-storytelling/,12,13,5,0.1
2025-10-02,For Families,5,"A Dark Symphony Halloween - Party & Market! (All Ages) Everyone’s buzzing - shopping, costumes, music, food.",queen-tribute-big-sales-bbq,https://calendar.trca.ca/event/enchanta-village-2/,53,62,5,0.3
2025-10-02,For Couples,1,SCARAMOUCHE - Celebrating the Music of Queen Bohemian nights - feels like Freddie never left the stage.,queen-tribute-big-sales-bbq,https://tickets.rhcentre.ca/Online/default.asp?BOparam%3A%3AWScontent%3A%3AloadArticle%3A%3Apermalink=SCARAMOUCHE&BOparam%3A%3AWScontent%3A%3AloadArticle%3A%3Acontext_id=,79,85,5,0.9
2025-10-02,For Couples,2,"Psst… Secret Sale Is Back Feels like treasure hunting - scarves, shades, jewelry, all is there!",queen-tribute-big-sales-bbq,https://www.facebook.com/events/1155240859814105,60,63,5,0.7
2025-10-02,For Couples,3,"Sip & Paint Your Masterpiece at Thornhill Pub Drinks flowing, brushes moving—create the masterpiece you’ll brag about!",queen-tribute-big-sales-bbq,https://www.facebook.com/events/769825632521960/,22,22,5,0.3
2025-10-02,For Couples,4,"Arpi Alto & Emil Khachaturian It’s the date-night talk - wine, music, elegance in one.",queen-tribute-big-sales-bbq,https://www.tickettailor.com/events/regarts/1840936,12,13,5,0.1
2025-10-02,For Couples,5,Dance Cardio Fitness A fun and energetic dance cardio workout session. Explore More,queen-tribute-big-sales-bbq,https://www.facebook.com/shohutchifit,37,39,5,0.5
2025-10-02,For Golden Age Readers,1,Naturally Mindful: Retreat in Nature,queen-tribute-big-sales-bbq,https://kortright.org/whats-on/calendar/#event=naturally-mindful-silent-retreat-in-nature;instance=20251005100000?popup=1&lang=en-US,24,26,5,0.5
2025-10-02,For Golden Age Readers,2,"Retired / semi-retired - Probus Club Meet Make retirement richer: meets monthly - friendship, speakers. More Info",queen-tribute-big-sales-bbq,https://vaughan.probuscanada.ca/,32,34,5,0.7
2025-10-02,For Golden Age Readers,3,Seniors Club Programs in Woodbridge,queen-tribute-big-sales-bbq,https://www.centralwesthealthline.ca/healthlibrary_docs/SeniorsClubsAndProgramsWithTransportationWoodbridge.pdf,38,42,5,0.9
2025-10-02,For Golden Age Readers,4,Jewish Storytelling Join Jewish storyteller Eden Nameri for family-friendly stories. More Info,queen-tribute-big-sales-bbq,https://storytellingtoronto.org/Sys/PublicProfile/81268254/6939101,2,2,5,0.1
2025-10-02,For Golden Age Readers,5,Artful Yoga McMichael,queen-tribute-big-sales-bbq,https://mcmichael.com/event/artful-yoga/,12,14,5,0.3
2025-10-09,For Families,1,Woodbridge Fall Fair (All Ages),3-hit-shows-viral-recipe-fall-fair,https://www.woodbridgefair.ca/,91,96,5,0.9
2025-10-09,For Families,2,"Free Pumpkin Giveaway (All Ages) Pumpkins for all! Come early, pick yours, and celebrate fall. Explore More",3-hit-shows-viral-recipe-fall-fair,https://www.facebook.com/events/869074795347537/,85,95,5,0.7
2025-10-09,For Families,3,"The Mom Market X Boo Fest (All Ages) Handmade treats, cider, festive vibes, and family fun - all in one stop! Details",3-hit-shows-viral-recipe-fall-fair,https://www.facebook.com/events/605988225183225,66,73,5,0.5
2025-10-09,For Families,4,"️‍💥 Shrinky dink keychain workshop (All Ages) Craft, laugh, and share some fun - perfect gifts for a family! Learn More",3-hit-shows-viral-recipe-fall-fair,https://www.facebook.com/events/777713041900732/,26,27,5,0.1
2025-10-09,For Families,5,"Simchat Torah - Full Dinner Feast, celebrate, and say L’chaim - fun for all!",3-hit-shows-viral-recipe-fall-fair,https://www.facebook.com/events/791862160011022/,31,34,5,0.3
2025-10-09,For Couples,1,Chris Funk’s REDEFINING WONDER From Vegas - Chris Funk’s mind-blowing show will leave you speechless!,3-hit-shows-viral-recipe-fall-fair,https://chrisfunkmagic.com/chris-funk-live/,28,28,5,0.9
2025-10-09,For Couples,2,"ONE OF THE WORLD’S FINEST MIND READING ACTS Thought reading, telekinesis, pure disbelief -Mysterion makes the unreal real!",3-hit-shows-viral-recipe-fall-fair,https://www.jokers.ca/showclicks-data/seance-on-hallow-e.s.p.,20,25,5,0.3
2025-10-09,For Couples,3,️Anastasia’s Tour - blend of modern pop with traditional Greek λαϊκό Greece’s hottest pop star hits the stage - catch Anastasia’s electrifying tour!,3-hit-shows-viral-recipe-fall-fair,https://www.facebook.com/events/1157913619514119/,9,9,5,0.1
2025-10-09,For Couples,4,"The Filharmonic Live Harmony, hype, and ‘90s beats - The Filharmonic lights up the night!",3-hit-shows-viral-recipe-fall-fair,https://www.facebook.com/events/1333283915196073/,23,24,5,0.7
2025-10-09,For Couples,5,"All new St. Louis Bar in Promenade starting October 15 Acoustic vibes, cold drinks, and big cheers - your midweek plan!",3-hit-shows-viral-recipe-fall-fair,https://www.facebook.com/events/1499249011502861/,22,23,5,0.5
2025-10-09,For Golden Age Readers,1,Simplicity Spooky Glaze Fun Workshop,3-hit-shows-viral-recipe-fall-fair,https://www.facebook.com/events/1871096826780460/,10,10,5,0.4
2025-10-09,For Golden Age Readers,2,"Fall Colours at Kortright Explore fall’s beauty - walk, learn, and recharge under golden trees! More Info",3-hit-shows-viral-recipe-fall-fair,https://kortright.org/whats-on/calendar/#event=fall-colours-2;instance=20251013100000?popup=1&lang=en-US,23,25,5,0.7
2025-10-09,For Golden Age Readers,3,"️‍🩹Health Talk by The Energy Within Mind, body, balance - experience Jordan’s holistic path to real health. Learn More",3-hit-shows-viral-recipe-fall-fair,https://www.facebook.com/events/1487642449045158/,10,10,5,0.4
2025-10-09,For Golden Age Readers,4,"Retired / semi-retired - Probus Club Meet Make retirement richer: meets monthly - friendship, speakers. More Info",3-hit-shows-viral-recipe-fall-fair,https://vaughan.probuscanada.ca/,26,26,5,0.9
2025-10-09,For Golden Age Readers,5,Birds of Prey Workshop,3-hit-shows-viral-recipe-fall-fair,https://kortright.org/whats-on/calendar/#event=adult-workshop-birds-of-prey-2;instance=20251015183000?popup=1&lang=en-US,8,8,5,0.1
2025-10-16,For Families,1,Halloween Free cupcake decorating,your-5-weird-brunches-more,https://www.facebook.com/events/1436202517467851/,61,64,5,0.7
2025-10-16,For Families,2,"Market BooFest — Family Fun You Can’t Skip! Free aloe samples, fall vibes, and energy you’ll actually feel. Explore More",your-5-weird-brunches-more,https://www.facebook.com/events/3180002898821931/?active_tab=discussion,57,65,5,0.5
2025-10-16,For Families,3,"Kreepy Kortright – Celebrate Halloween in the Spookiest Way! Outdoor Halloween magic - haunted trails, cozy fires, and happy scares. Details",your-5-weird-brunches-more,https://calendar.trca.ca/event/kreepy-kortright-5/,46,50,5,0.3
2025-10-16,For Families,4,Village Market Still Open – Don’t Miss the Fall Fun! 34 years of local goodness - organic fresh produce and real community. Learn More,your-5-weird-brunches-more,https://villagemarket.ca/,73,81,5,0.9
2025-10-16,For Families,5,"Trapped Vaughan – Where Every Game Feels Like a Movie Unravel mysteries together -perfect for birthdays, families, or daring dates.",your-5-weird-brunches-more,https://trapped.com/events,30,31,5,0.1
2025-10-16,For Couples,1,Go-Kart Date Nights – Where Speed and Chemistry Collide! Skip dinner—race together! Go-kart dates that spark adrenaline.,your-5-weird-brunches-more,https://www.k1speed.ca/blog/go-kart-racing-the-perfect-date-night-idea,24,25,5,0.1
2025-10-16,For Couples,2,"Canada’s Baking & Sweets Show – Taste the World in One Place! Taste the world’s sweets—cakes, chocolates, and global dessert secrets!",your-5-weird-brunches-more,https://canadasbakingandsweetsshow.com/show-info/,42,45,5,0.8
2025-10-16,For Couples,3,"‍♀️ Meet the Walkers – Community, Connection, and Fresh Air Join friendly walks - fresh air, good company, and local stories.",your-5-weird-brunches-more,https://allevents.in/vaughan/meet-the-walkers-walk-with-us/100001748549561809,34,35,5,0.5
2025-10-16,For Couples,4,"️‍🩹 Vaughan Free Health & Wellness Expo – Experts & Giveaways! Free health expo—experts, demos, discounts, and 500 gift bags!",your-5-weird-brunches-more,https://vaughanhealthandwellnessexpo.ca/,42,46,5,0.8
2025-10-16,For Couples,5,"Funky Friday at Fionn MacCool’s – Retro Beats & Good Vibes! Vaughan’s Funky Friday- grooves, laughs, and hot moves.",your-5-weird-brunches-more,https://www.facebook.com/events/1161934635749189/,26,26,5,0.3
2025-10-16,For Golden Age Readers,1,️ First Look & Opening Night – Where Art Meets Elegance,your-5-weird-brunches-more,https://mcmichael.com/event/2025-art-toronto/,23,25,5,0.3
2025-10-16,For Golden Age Readers,2,"Free Yoga for Stress Relief – Breathe, Stretch, and Reconnect Unwind your week—join Maya’s free stress-reducing yoga session. Check this Out",your-5-weird-brunches-more,https://www.facebook.com/events/4089287977979997/4089287991313329/?active_tab=about,43,45,5,0.9
2025-10-16,For Golden Age Readers,3,"Lital Schwartz Live – Laugh at What No One Dares to Say! Raw, hilarious, and real—Lital says what we’re all thinking. Book Your Spot",your-5-weird-brunches-more,https://tickets.cityplayhouse.ca/event/655:516/655:683/,17,17,5,0.1
2025-10-16,For Golden Age Readers,4,"Aging Well Club – Learn, Connect, and Keep the Spark Alive! Stay curious, stay connected—join Vaughan’s Aging Well Club! More Info",your-5-weird-brunches-more,https://www.vaughanpl.info/programs/view/3346,28,30,5,0.7
2025-10-16,For Golden Age Readers,5,"Sunday Sip & Create – Art, Coffee, and Cozy Company",your-5-weird-brunches-more,https://mcmichael.com/event/sunday-sip-and-create/,25,28,5,0.5
2025-10-23,For Families,1,"Smashed It Down – Vaughan’s Juiciest Burger Eating Contest! Big bites, loud cheers - $300 prize and bragging rights await! Join the Fun",3-can-t-miss-picks-viral-treat,https://heroburgers.com/,25,26,5,0.1
2025-10-23,For Families,2,"Free Halloween Artmaking Workshop – Little Ghouls Get Creative! Young artists, big imaginations - Halloween fun in every brushstroke. Create with Us",3-can-t-miss-picks-viral-treat,https://mcmichael.com/event/kids-halloween-2025/,37,40,5,0.9
2025-10-23,For Families,3,Pet Adoption Weekend at PetSmart – Meet Your New Best Friend! Fall in love fast - adorable kittens waiting for their new home.,3-can-t-miss-picks-viral-treat,https://www.facebook.com/events/678910311471895/,27,28,5,0.3
2025-10-23,For Families,4,"Ghosts of The Village – Haunted Walk at Black Creek Step inside shadows - ghosts, chills, and eerie true tales. Dare to Enter",3-can-t-miss-picks-viral-treat,https://calendar.trca.ca/event/ghosts-of-the-village-at-black-creek-3/,30,33,5,0.6
2025-10-23,For Families,5,"Family Adventure Walk – Fall Fun at Kortright Stories, crafts, and trails- autumn magic for every family. Explore Together",3-can-t-miss-picks-viral-treat,https://calendar.trca.ca/event/the-diane-kashin-family-adventure-walk-in-the-forest-2/,30,32,5,0.6
2025-10-23,For Couples,1,"Adult Cooking Class – Mangiare! Nonna’s Favourites Roll pasta, sip wine—learn Nonna’s timeless Italian kitchen secrets. Be a Chef",3-can-t-miss-picks-viral-treat,https://thechefupstairs.com/products/vaughan-adult-cooking-class-mangiare-nonnas-fall-favourites?start=2025-10-01T00%3A00&select=2025-10-31T18%3A30,57,61,5,0.7
2025-10-23,For Couples,2,"Classic Albums Live – Led Zeppelin, Note for Note! Every riff, every roar—experience Zeppelin’s magic live on stage.",3-can-t-miss-picks-viral-treat,https://tickets.rhcentre.ca/Online/default.asp,17,18,5,0.1
2025-10-23,For Couples,3,"Craft & Vendor Show – Shop, Eat & Celebrate Together! Vendors, prizes, and warm meals - joyful holiday moments.",3-can-t-miss-picks-viral-treat,https://www.facebook.com/events/1493145875209548/,62,67,5,0.9
2025-10-23,For Couples,4,"Zumba Toning at Maple – Dance, Sweat, and Sculpt! High-energy moves meet - fun fitness that feels like dancing.",3-can-t-miss-picks-viral-treat,https://www.facebook.com/events/1850585252349506/1850585365682828?active_tab=about,24,25,5,0.3
2025-10-23,For Couples,5,"Israeli Halloween Party – Dance, Dress & Go Wild! Hebrew hits, wild vibes - the hottest Israeli Halloween bash around.",3-can-t-miss-picks-viral-treat,https://www.facebook.com/events/1553846838940472/,26,26,5,0.5
2025-10-23,For Golden Age Readers,1,Fall Colours – Nature’s Best Show for Under $10!,3-can-t-miss-picks-viral-treat,https://calendar.trca.ca/event/fall-colours-at-kortright-7/,42,44,5,0.9
2025-10-23,For Golden Age Readers,2,"️ Life After Fifty-Five – Faith, Friends, and Warm Community Author Heather Kendall shares hope; worship, jokes, poems, and fellowship. Save Your Seat",3-can-t-miss-picks-viral-treat,https://www.facebook.com/events/1366135828475625/,16,16,5,0.5
2025-10-23,For Golden Age Readers,3,"A Relaxing, Cozy Night of Creativity – Halloween Art Workshop Hands-on art therapy - paint, unwind, and craft your Halloween masterpiece. Be the Artist",3-can-t-miss-picks-viral-treat,https://www.facebook.com/photo/?fbid=781531574860762&set=gm.1302625831561661,14,15,5,0.3
2025-10-23,For Golden Age Readers,4,"️ Halloween Spooky Art Tours – Discover Stories & Hidden Spirits! Haunted art, eerie tales, and Tom Thomson’s lingering spirit await. Explore the Tour",3-can-t-miss-picks-viral-treat,https://mcmichael.com/event/2025-halloween-tour/,11,11,5,0.1
2025-10-23,For Golden Age Readers,5,"Aging Well Club – Books, Games & Good Company!",3-can-t-miss-picks-viral-treat,https://www.vaughanpl.info/programs/view/3346,29,30,5,0.7
2025-10-30,For Families,1,"️ Stormtech Family Flash Sale Warm jackets and gear, big savings before the winter weekend rush. Shop Before It’s Gone",your-week-plan-17m-view-recipe,https://www.facebook.com/events/1197464032298488/1197615455616679/,34,35,5,0.5
2025-10-30,For Families,2,"Halloween Pajama Party at City Playhouse Theatre (Age 2-8) Pajamas, treats, games; cozy theatre fun for little ones tonight. Dress Cozy & Go!",your-week-plan-17m-view-recipe,https://tickets.cityplayhouse.ca/event/655:542/655:713/,33,36,5,0.3
2025-10-30,For Families,3,"St. Andrew’s Christmas Bazaar Handcrafted gifts, baked goods, cozy church vibes to start the holidays.",your-week-plan-17m-view-recipe,https://www.facebook.com/events/1706887243332890/,61,65,5,0.9
2025-10-30,For Families,4,"Pinkalicious Live Musical Sparkly musical adventure kids adore; sing, laugh, wear pink together.",your-week-plan-17m-view-recipe,https://tickets.rhcentre.ca/Online/default.asp?BOparam%3A%3AWScontent%3A%3AloadArticle%3A%3Apermalink=RHCPAPresentsPinkalicious&BOparam%3A%3AWScontent%3A%3AloadArticle%3A%3Acontext_id=,25,28,5,0.1
2025-10-30,For Families,5,The Popular Boo Bash on Button Family-favorite Halloween night returns - costumes and candy for all ages. Join the Bash Tonight,your-week-plan-17m-view-recipe,https://www.facebook.com/events/823450696894943/,45,47,5,0.7
2025-10-30,For Couples,1,"Santé Healing Spa – Salt Room Therapy Float, breathe, and relax together in Vaughan’s salt cave spa. Book Your Salt Escape",your-week-plan-17m-view-recipe,https://www.santehealingspas.com/spa-deals-thornhill,46,49,5,0.9
2025-10-30,For Couples,2,"AC/DC Tribute – Hells Bells High-voltage nostalgia; guitars loud, crowd louder.",your-week-plan-17m-view-recipe,https://www.facebook.com/events/509621551941904/,11,11,5,0.1
2025-10-30,For Couples,3,"️ Think Small… Art! Cozy art date with cider, holiday treats, and local creations.",your-week-plan-17m-view-recipe,https://www.facebook.com/events/1499905857797392/1499905881130723/?active_tab=about,17,17,5,0.3
2025-10-30,For Couples,4,Ritmo Latin Social Latin beats; dance ’til late - high-energy moves meet - fun fitness & dancing.,your-week-plan-17m-view-recipe,https://www.facebook.com/events/1465565518088656/,28,31,5,0.5
2025-10-30,For Couples,5,Elton John Greatest Hits Sing every chorus; note-for-note live band.,your-week-plan-17m-view-recipe,https://www.facebook.com/events/2461157650934642/,35,37,5,0.7
2025-10-30,For Golden Age Readers,1,Free Meditation With a Monk,your-week-plan-17m-view-recipe,https://www.facebook.com/events/1767149407458463/1767149520791785/?active_tab=about,26,28,5,0.9
2025-10-30,For Golden Age Readers,2,"️ McMichael Art Fundraiser Local artists, fall colours, and a meaningful community evening. Stroll Through Art",your-week-plan-17m-view-recipe,https://www.facebook.com/events/1959083204927952/,9,10,5,0.3
2025-10-30,For Golden Age Readers,3,Free Digestive Yoga with Maya Calm wellness class; gentle movement and breath. Save Your Spot,your-week-plan-17m-view-recipe,https://www.facebook.com/events/1122130772941304/1122130789607969/?active_tab=about,23,24,5,0.6
2025-10-30,For Golden Age Readers,4,"Creative Sewing Class Friendly, social crafting at historic Burr House. Join the Class",your-week-plan-17m-view-recipe,https://www.facebook.com/events/836287368877277/,23,23,5,0.6
2025-10-30,For Golden Age Readers,5,First Saturday Music Performance,your-week-plan-17m-view-recipe,https://calendar.trca.ca/event/first-saturday-musical-performance/,8,9,5,0.1
2025-11-06,For Families,1,York Police Home Security Day Cool demos + fire trucks + safety tips. See in Action,3-cozy-finds-police-local-sales,https://www.facebook.com/photo/?fbid=1162984132636449&set=gm.1507736996930737,36,37,5,0.7
2025-11-06,For Families,2,Kids Arts and Craft Workshop Ages 6–11 glue & glitter chaos. Plan It Now,3-cozy-finds-police-local-sales,https://www.facebook.com/events/854882410541062,34,38,5,0.5
2025-11-06,For Families,3,️ Kids Clothing Liquidation Sale Discounts that’ll make parents happy.,3-cozy-finds-police-local-sales,https://www.facebook.com/events/1146627397087988/,76,81,5,0.9
2025-11-06,For Families,4,"One-Day Youth Wellness Retreat Sparkly musical adventure kids adore; sing, laugh, wear pink together.",3-cozy-finds-police-local-sales,https://www.facebook.com/events/801174472462302/,17,18,5,0.2
2025-11-06,For Families,5,Dojo Madness – Martial Arts Day,3-cozy-finds-police-local-sales,https://www.facebook.com/events/834642029040000/,17,19,5,0.2
2025-11-06,For Couples,1,️ Crafts & Cheer Holiday Market,3-cozy-finds-police-local-sales,https://www.facebook.com/events/1373583381104156/,86,91,5,0.9
2025-11-06,For Couples,2,Jann Arden – Live Christmas Tour,3-cozy-finds-police-local-sales,https://tickets.rhcentre.ca/Online/default.asp,30,33,5,0.5
2025-11-06,For Couples,3,Sauced Improv Comedy Show,3-cozy-finds-police-local-sales,https://www.facebook.com/events/1132431192164146/,32,33,5,0.7
2025-11-06,For Couples,4,Enrico Galante Live - Sax Night,3-cozy-finds-police-local-sales,https://tickets.cityplayhouse.ca/event/655:483/655:632/,24,27,5,0.3
2025-11-06,For Couples,5,Shiseido Canada Warehouse Sale Shiseido Fall Warehouse Sale – beauty deals you’ll actually brag about.,3-cozy-finds-police-local-sales,https://www.facebook.com/ShiseidoCAWarehouseSale,17,17,5,0.1
2025-11-06,For Golden Age Readers,1,Aging Well Club – Learn AI,3-cozy-finds-police-local-sales,https://www.vaughanpl.info/programs/view/3346,24,25,5,0.9
2025-11-06,For Golden Age Readers,2,A Bunch of Amateurs - The Hilarious Comedy Lighthearted fun for a Friday (inexpensive & funny). Get Tickets,3-cozy-finds-police-local-sales,https://thecurtainclub.org/a-bunch-of-amateurs/,14,15,5,0.5
2025-11-06,For Golden Age Readers,3,‍♀️ Physical Exercises and Soul Exercises for Older Age Adults Calm wellness class; gentle movement and breath. Save Your Spot,3-cozy-finds-police-local-sales,https://www.facebook.com/events/1372238247083833/1372238287083829/?active_tab=about,20,22,5,0.7
2025-11-06,For Golden Age Readers,4,"Artist Co-op Gallery Opening Meet local artists, sip, chat, and explore the city’s creative side. See More",3-cozy-finds-police-local-sales,https://www.facebook.com/events/2032464550858401/,5,7,5,0.1
2025-11-06,For Golden Age Readers,5,An Evening with Spirit,3-cozy-finds-police-local-sales,https://www.facebook.com/events/1121126766591683/,8,11,5,0.3
2025-11-13,For Families,1,‍👩‍👧‍👦 Free Family Sundays at McMichael Art activities for kids and parents. Join Free,5-pre-holiday-hits-naughty-recipe,https://mcmichael.com/event/family-sunday-stand-up-stay-strong/,68,72,5,0.1
2025-11-13,For Families,2,️ Happy Cute Mart Cozy chaos + handmade finds for every age. Snag Deals,5-pre-holiday-hits-naughty-recipe,https://happycutemart.com/,77,83,5,0.5
2025-11-13,For Families,3,"Revlon Warehouse Sale - Free Entry Mom–daughter day: free admission, huge beauty steals, books, free parking.",5-pre-holiday-hits-naughty-recipe,https://www.saleevent.com/,132,138,5,0.9
2025-11-13,For Families,4,"Home for the Holidays Festival The True Spirit of Christmas, local makers with the sights, scents, and sounds.",5-pre-holiday-hits-naughty-recipe,https://www.facebook.com/events/1074181151326259/,114,124,5,0.7
2025-11-13,For Families,5,Hanukkah Market,5-pre-holiday-hits-naughty-recipe,https://www.chabadrc.org/templates/articlecco_cdo/aid/7080869/fbclid/IwY2xjawOAtYxleHRuA2FlbQIxMABicmlkETF6UUlxeEVCZGxoTGt3OVYyc3J0YwZhcHBfaWQQMjIyMDM5MTc4ODIwMDg5MgABHpx7Lu9esM5YEMRNppG_eYvS_bHRXCP0X8hfZnXY6hVfbd9z2Cgxzt1EZNYU_aem_kMCCx4C68aLsYzE09OOifA/jewish/Hanukkah-Market.htm,70,74,5,0.3
2025-11-13,For Couples,1,Merry Marketplace,5-pre-holiday-hits-naughty-recipe,https://www.richmondhill.ca/en/things-to-do/merry-marketplace.aspx,90,99,5,0.7
2025-11-13,For Couples,2,TruBliss Spa Experience,5-pre-holiday-hits-naughty-recipe,https://trubliss.ca/,37,37,5,0.1
2025-11-13,For Couples,3,Fleetwood Mac Mania (unforgettable concert),5-pre-holiday-hits-naughty-recipe,https://tickets.rhcentre.ca/Online/mapSelect.asp,49,53,5,0.3
2025-11-13,For Couples,4,Handcrafted Gift Market,5-pre-holiday-hits-naughty-recipe,https://www.facebook.com/events/799753409607042/,65,68,5,0.5
2025-11-13,For Couples,5,"Vaughan Ladies Night Electrifying performances, cocktails, outrageous fun with friends tonight.",5-pre-holiday-hits-naughty-recipe,https://www.eventbrite.ca/e/vaughan-ladies-night-tickets-1862206462659?aff=oddtdtcreator,103,105,5,0.9
2025-11-13,For Golden Age Readers,1,Women (55+) & Single Men (all ages) Speed-Mixer Social,5-pre-holiday-hits-naughty-recipe,https://www.meetup.com/toronto-gta-singles-dating/events/311059727/?recId=1347b554-9f5a-4f9a-8f26-0e26df8e2ff5&recSource=event-search&searchId=2f719cde-1eab-494b-82f1-b5bf54b9e2bb&eventOrigin=find_page%24all,35,37,5,0.9
2025-11-13,For Golden Age Readers,2,Aging Well Club – Drum & Percussion Circle,5-pre-holiday-hits-naughty-recipe,https://www.vaughanpl.info/programs/view/3346,12,13,5,0.2
2025-11-13,For Golden Age Readers,3,"Needle Felt a Santa Ornament Workshop Craft your own Santa - wool, laughter, and holiday spirit. Save Your Spot",5-pre-holiday-hits-naughty-recipe,https://calendar.trca.ca/event/needle-felt-a-santa-ornament-workshop/,16,17,5,0.5
2025-11-13,For Golden Age Readers,4,️ Christmas Bazaar - Saturday Morning Fun Come and enjoy with friends and family. Explore More,5-pre-holiday-hits-naughty-recipe,https://www.facebook.com/events/1496027658342090/,34,35,5,0.7
2025-11-13,For Golden Age Readers,5,️Ethan Claymore - Live Performance Live theatre at its best! It’s a perfect way to kick off the festive season. Book Fast,5-pre-holiday-hits-naughty-recipe,https://www.markhamlittletheatre.ca/ethan-claymore,12,12,5,0.2
2025-11-20,For Families,1,Santa Claus Parade – Vaughan,4-christmas-sales-michelin-dining,https://www.vaughan.ca/residential/recreation-programs-and-fitness/events/festive-celebrations/santafest-parade,135,152,5,0.6
2025-11-20,For Families,2,"Magical Christmas Forest – Kortright Centre Winter walk, crafts, Santa, wagon rides Book Now",4-christmas-sales-michelin-dining,https://calendar.trca.ca/event/magical-christmas-forest/,133,146,5,0.3
2025-11-20,For Families,3,️ Designer Pop-Up Sale Massive holiday restock with big family-friendly deals on 80+ top brands.,4-christmas-sales-michelin-dining,https://www.facebook.com/events/795723766596848/,230,253,5,0.9
2025-11-20,For Families,4,Cozy Family Night Bring the family for a warm community concert — tickets from $5.,4-christmas-sales-michelin-dining,https://tickets.cityplayhouse.ca/event/655:565/655:743/,135,145,5,0.6
2025-11-20,For Families,5,Hill Potters’ Fall Handmade Gift Sale,4-christmas-sales-michelin-dining,https://www.facebook.com/events/1161290925348607/,86,95,5,0.1
2025-11-20,For Couples,1,Soul Café Love’n’Light Night,4-christmas-sales-michelin-dining,https://www.facebook.com/events/983811667287516/,73,78,5,0.7
2025-11-20,For Couples,2,Fever Friday Latin Social - Popular Latin Evening,4-christmas-sales-michelin-dining,https://www.facebook.com/events/2634515850218650/,54,58,5,0.5
2025-11-20,For Couples,3,️ Mom Market at Promenade - Perfect for Couples,4-christmas-sales-michelin-dining,https://www.facebook.com/events/679653218190738/,97,112,5,0.9
2025-11-20,For Couples,4,Rhythm & Brews – Blues Night,4-christmas-sales-michelin-dining,https://www.facebook.com/events/4242074202695241/,38,40,5,0.1
2025-11-20,For Couples,5,Israeli Date-Night Party,4-christmas-sales-michelin-dining,https://www.facebook.com/photo/?fbid=122151957902813817&set=gm.623803047395297,40,46,5,0.3
2025-11-20,For Golden Age Readers,1,"CPKC FREE Holiday Train Stop Live music, glowing train cars, and family magic.",4-christmas-sales-michelin-dining,https://visitvaughan.ca/calendar/event/2025-cpkc-holiday-train-stop-in-vaughan/,61,64,5,0.9
2025-11-20,For Golden Age Readers,2,️ L.A.F.F. Retirees Luncheon,4-christmas-sales-michelin-dining,https://www.facebook.com/events/1369659764795708/,32,34,5,0.3
2025-11-20,For Golden Age Readers,3,Montreal Guitar Trio – Ennio Morricone Tribute,4-christmas-sales-michelin-dining,https://flatomarkhamtheatre.ca/Online/default.asp?BOparam%3A%3AWScontent%3A%3AloadArticle%3A%3Apermalink=ennio&BOparam%3A%3AWScontent%3A%3AloadArticle%3A%3Acontext_id=,13,14,5,0.1
2025-11-20,For Golden Age Readers,4,"Holiday Seniors Living Show Free event with helpful workshops, friendly experts, and festive market vibes. Join Free",4-christmas-sales-michelin-dining,https://www.facebook.com/events/828856259851654/,41,44,5,0.7
2025-11-20,For Golden Age Readers,5,"️ Festive Candle Workshop Pour candles, craft scents, light up winter.",4-christmas-sales-michelin-dining,https://calendar.trca.ca/event/festive-candle-making-workshop/,37,41,5,0.5
2025-11-27,For Families,1,Christmas Celebration on Main Street Unionville!,12-christmas-markets-viral-recipe,https://www.facebook.com/events/1713730742640607/,61,65,5,0.3
2025-11-27,For Families,2,"Vaughan's Christmas Tree Lighting Free, family-friendly celebration with Santa Claus, performances & crafts. Check it Out",12-christmas-markets-viral-recipe,https://www.vaughan.ca/residential/recreation-programs-and-fitness/events/festive-celebrations/christmas-tree-lighting,169,182,5,0.9
2025-11-27,For Families,3,Breakfast with Santa – Unionville Hot pancakes + Santa = Holiday Effect!,12-christmas-markets-viral-recipe,https://www.eventbrite.ca/cc/breakfast-with-santa-on-main-street-unionville-2776099,49,50,5,0.1
2025-11-27,For Families,4,"Kids at the Chanukah Chocolate Gelt Factory Grind, melt & mold your very own Chanukah Chocolate Gelt Coins!",12-christmas-markets-viral-recipe,https://www.jrccrichmondhill.com/chocolatefactory,84,89,5,0.7
2025-11-27,For Families,5,Winter Fest 2025 - Westmount Music & Arts,12-christmas-markets-viral-recipe,https://tickets.cityplayhouse.ca/event/655:582/655:771/,74,79,5,0.5
2025-11-27,For Couples,1,Craft & Taste Market - Vaughan,12-christmas-markets-viral-recipe,https://www.facebook.com/photo/?fbid=122103348735107127&set=gm.2337121043390969,124,136,5,0.7
2025-11-27,For Couples,2,The world-renowned vocal trio -Trio Mandili & Iverioni,12-christmas-markets-viral-recipe,https://tickets.rhcentre.ca/Online/default.asp?BOparam%3A%3AWScontent%3A%3AloadArticle%3A%3Apermalink=TrioMandiliShow&BOparam%3A%3AWScontent%3A%3AloadArticle%3A%3Acontext_id=,16,17,5,0.1
2025-11-27,For Couples,3,️ Vaughan Holiday Market Shopping - Perfect for Couples,12-christmas-markets-viral-recipe,https://visitvaughan.ca/calendar/event/vaughan-holiday-market/,132,142,5,0.9
2025-11-27,For Couples,4,World-renowned guitarist and singer John Pizzarelli,12-christmas-markets-viral-recipe,https://flatomarkhamtheatre.ca/Online/default.asp?BOparam%3A%3AWScontent%3A%3AloadArticle%3A%3Apermalink=2526pizzarelli&BOparam%3A%3AWScontent%3A%3AloadArticle%3A%3Acontext_id=,36,38,5,0.5
2025-11-27,For Couples,5,‍♀️ Zumba Instructor Training,12-christmas-markets-viral-recipe,https://www.facebook.com/photo/?fbid=1277282817773440&set=gm.1473614257271753,31,35,5,0.3
2025-11-27,For Golden Age Readers,1,Seniors Discounts at Loblaws Shop every Thursday and save an additional 10% discount on your shopping.,12-christmas-markets-viral-recipe,https://www.facebook.com/events/25060139546971845/,75,78,5,0.9
2025-11-27,For Golden Age Readers,2,Intimate Partner Violence Talk,12-christmas-markets-viral-recipe,https://www.facebook.com/events/25078283761799965/,8,8,5,0.1
2025-11-27,For Golden Age Readers,3,The Aging Well Club - Free Entry,12-christmas-markets-viral-recipe,https://www.vaughanpl.info/programs/view/3346,34,35,5,0.5
2025-11-27,For Golden Age Readers,4,Love Our Club - Bake Sale Delicious homemade treats help neighbors - wear a crazy holiday sweater! Enjoy Fresh Cookies,12-christmas-markets-viral-recipe,https://docs.google.com/document/d/1DuM4N0nGDWZlDrcKc-p2DQo6h3RSkKZpUSObi45e8lk/edit?usp=sharing,14,15,5,0.3
2025-11-27,For Golden Age Readers,5,Huge Deals & Discounts for Canadian Seniors in 2025 Discover awesome deals; simple discounts make shopping fun and easy.,12-christmas-markets-viral-recipe,https://www.canadianseniorsdirectory.ca/canadian-seniors-deals-and-discounts/#Restaurants-discounts,58,63,5,0.7
2025-12-04,For Families,1,WinterFest - A World of Holiday Fun,10-holiday-picks-you-ll-love,https://www.sixflags.com/canadaswonderland/events/winterfest,77,81,5,0.5
2025-12-04,For Families,2,Vaughan's Magical Christmas Forest Escape into the Magical Christmas Forest with lights and treats for the whole family. Check it Out,10-holiday-picks-you-ll-love,https://calendar.trca.ca/event/magical-christmas-forest-7/,200,217,5,0.9
2025-12-04,For Families,3,"The Popular Chanukah Wonderland is Back! Fun, joy, and celebration for the whole family - rides, shows, crafts & prizes! The annual Chanukah Wonderland - Don’t Miss It",10-holiday-picks-you-ll-love,https://www.jrcc.org/templates/articlecco_cdo/aid/3824880/fbclid/IwY2xjawObCDhleHRuA2FlbQIxMABicmlkETFIVDhGRzlwbkdVTnVDamFUc3J0YwZhcHBfaWQQMjIyMDM5MTc4ODIwMDg5MgABHvF9yKTHBBhImLRbXWq8Bd04WuZ-5VXYNvnv0Z4bruy4dtSUL88iF07J1561_aem_BFfLXkyy-m440x6MXhrg3A/jewish/Chanukah-Wonderland.htm,38,41,5,0.3
2025-12-04,For Families,4,"Members, Families & Friends Christmas Brunch Holiday community buffet brunch, Santa photos, cheerful giving together.",10-holiday-picks-you-ll-love,https://www.facebook.com/events/1206247528225689/,85,91,5,0.7
2025-12-04,For Families,5,Fairway of Lights Experience the unusual holiday magic of Angus Glen's Fairway of Lights!,10-holiday-picks-you-ll-love,https://www.facebook.com/fairwayoflights,17,18,5,0.1
2025-12-04,For Couples,1,Christmas Marketplace - Best Businesses in Town,10-holiday-picks-you-ll-love,https://www.facebook.com/photo/?fbid=10173174752580224&set=gm.1523441642322215,64,70,5,0.8
2025-12-04,For Couples,1,Promenade Holiday Market - One Holiday Stop - All Your Gifts,10-holiday-picks-you-ll-love,https://www.facebook.com/events/1226843242213848/,64,66,5,0.8
2025-12-04,For Couples,4,GTA’s Can’t-Miss Sales Week,10-holiday-picks-you-ll-love,https://www.facebook.com/events/834856139141750,30,35,5,0.3
2025-12-04,For Couples,4,The Greatest Hits Night - The Eagles,10-holiday-picks-you-ll-love,https://www.facebook.com/photo/?fbid=1252486020084604&set=gm.681500068248659,41,46,5,0.5
2025-12-04,For Couples,5,️ First-Time Buyer Expo,10-holiday-picks-you-ll-love,https://www.facebook.com/events/1670973197210034/,11,11,5,0.1
2025-12-04,For Golden Age Readers,1,"The magic of Kortright’s forest in December! Budget-friendly wonder: winter trails, stunning views, nature surprises.",10-holiday-picks-you-ll-love,https://calendar.trca.ca/event/welcoming-winter/,25,25,5,0.7
2025-12-04,For Golden Age Readers,2,Holiday Recipe Swap - Aging Well Club,10-holiday-picks-you-ll-love,https://www.vaughanpl.info/programs/view/3346,22,23,5,0.4
2025-12-04,For Golden Age Readers,3,FREE Annual Holiday Workshop!!,10-holiday-picks-you-ll-love,https://www.facebook.com/events/1207112071279074/,37,40,5,0.9
2025-12-04,For Golden Age Readers,4,Love Our Club - Bake Sale Delicious homemade treats help neighbors - wear a crazy holiday sweater! Enjoy Fresh Cookies,10-holiday-picks-you-ll-love,https://docs.google.com/document/d/1DuM4N0nGDWZlDrcKc-p2DQo6h3RSkKZpUSObi45e8lk/edit?usp=sharing,22,26,5,0.4
2025-12-04,For Golden Age Readers,5,"Christmas with Bronze Foundation Academy & Friends Seasonal handbell concert, uplifting carols, talented ringers, cozy holiday evening.",10-holiday-picks-you-ll-love,https://allevents.in/vaughan/christmas-with-bronze-foundation-academy-and-friends/200029276699403#google_vignette,3,3,5,0.1
2025-12-11,For Families,1,‍👩‍👧‍👦 Free Family Sundays at McMichael,3-minute-picks-cloud-soft-sweets,https://mcmichael.com/events/,30,33,5,0.8
2025-12-11,For Families,2,"️ Charming Festive Nights at Black Creek Village Stroll lantern-lit streets; sip cocoa, savor music, capture magical moments. Check it Out",3-minute-picks-cloud-soft-sweets,https://blackcreek.ca/events/,30,32,5,0.8
2025-12-11,For Families,3,"Famous annual Chanukah celebration Giant menorah lighting, sufganiyot, latkes, live music, kids’ crafts together.",3-minute-picks-cloud-soft-sweets,https://www.facebook.com/events/871829965278046/,29,29,5,0.5
2025-12-11,For Families,4,"Secret Gift Exchange for All Ages New to Warhammer? Perfect. Add your wishlist, choose another, and share the joy of painted armies and perfect kits",3-minute-picks-cloud-soft-sweets,https://www.facebook.com/WHVaughanON,8,8,5,0.1
2025-12-11,For Families,5,"️Santa Candle Workshop + Hourly Givesaway Decorate holiday house candles, beginner-friendly, all ages, gift-ready fun.",3-minute-picks-cloud-soft-sweets,https://www.facebook.com/events/1244576071055010,18,19,5,0.3
2025-12-11,For Couples,1,A Night of Music & Appetizers,3-minute-picks-cloud-soft-sweets,https://www.universe.com/events/synergy-emil-khachaturian-dr-draw-tickets-70X9YL?ref=share-widget-buffer,28,28,5,0.8
2025-12-11,For Couples,2,Fionn’s Festive Rock & Groove Party,3-minute-picks-cloud-soft-sweets,https://www.facebook.com/Woodbridge.fionnmaccools,12,13,5,0.3
2025-12-11,For Couples,3,Sunday Impress. Music Morning,3-minute-picks-cloud-soft-sweets,https://www.facebook.com/events/1556856838887679/,7,7,5,0.1
2025-12-11,For Couples,4,Wine & Cheese Night - Party for Adults,3-minute-picks-cloud-soft-sweets,https://www.facebook.com/events/3300081040160552,28,30,5,0.8
2025-12-11,For Couples,5,Golden Break Billiard & Lounge,3-minute-picks-cloud-soft-sweets,https://www.facebook.com/profile.php?id=100063544748255#,13,13,5,0.5
2025-12-11,For Golden Age Readers,1,Broadsway - The Most Wonderful Time…Maybe Canada's top divas reinvent classic jazz and cabaret.,3-minute-picks-cloud-soft-sweets,https://flatomarkhamtheatre.ca/Online/default.asp,10,11,5,0.5
2025-12-11,For Golden Age Readers,2,Holiday Wreath Decorating Workshop,3-minute-picks-cloud-soft-sweets,https://www.facebook.com/events/871543835533491/,3,3,5,0.1
2025-12-11,For Golden Age Readers,3,Candlelight Christmas Classics,3-minute-picks-cloud-soft-sweets,https://www.facebook.com/events/2050152499059592/,14,16,5,0.9
2025-12-11,For Golden Age Readers,4,"Wine & Cheese Paint Night Beginner-friendly, step-by-step guided painting + light cheese buffet. Paint & Cheese",3-minute-picks-cloud-soft-sweets,https://www.facebook.com/photo/?fbid=864210209335670&set=gm.1517433842645347,8,8,5,0.3
2025-12-11,For Golden Age Readers,5,"‍♀️ Free Monk Meditation Session Soothing mindfulness session led by a monk — quiet, restorative evening..",3-minute-picks-cloud-soft-sweets,https://www.facebook.com/events/1767149407458463/1767149414125129/?active_tab=about,12,12,5,0.7
2025-12-18,For Families,1,‍👩‍👧‍👦 Avatar: Fire and Ash,4-family-winners-5-min-cake,https://imaginecinemas.com/cinema/promenade/,9,10,5,0.1
2025-12-18,For Families,2,"️ Free Vaughan Outdoor Ice Rinks Free outdoor skating across Vaughan, winter fun for the whole family. See the Full List of Outdoor Rinks",4-family-winners-5-min-cake,https://www.vaughan.ca/about-city-vaughan/departments/recreation-services/outdoor-rinks,50,55,5,0.7
2025-12-18,For Families,3,Pet Adoption Event Heartwarming event - find a friend for you & your family.,4-family-winners-5-min-cake,https://www.facebook.com/saintcatrescuerichmondhill,33,36,5,0.3
2025-12-18,For Families,4,"Tubing & Tobogganing @North Mapple Snowy hills, sleds, laughter, and thermos hot chocolate memories.",4-family-winners-5-min-cake,https://www.vaughan.ca/about-city-vaughan/projects-and-initiatives/community-projects/north-maple-regional-park-nmrp,69,72,5,0.9
2025-12-18,For Families,5,Free Kids Craft Time – Paint Nativity Suncatcher A free and meaningful activity for the kids during the Christmas break.,4-family-winners-5-min-cake,https://www.facebook.com/ThatAgapeShop,42,48,5,0.5
2025-12-18,For Couples,1,️ Pre-Christmas Auction with Arthur’s Fine Art,4-family-winners-5-min-cake,https://www.facebook.com/armandantiques,8,8,4,0.125
2025-12-18,For Couples,2,ISRAELI PARTY @ LUNA LOUNGE,4-family-winners-5-min-cake,https://www.facebook.com/israelivibe.ca,14,15,4,0.875
2025-12-18,For Couples,3,Pre New Year’s Party at Fionn MacCool’s,4-family-winners-5-min-cake,https://www.facebook.com/TheMusicFactoryBand,12,13,4,0.625
2025-12-18,For Couples,5,The Housemaid- One thriller. Two seats. Total escape.,4-family-winners-5-min-cake,https://www.youtube.com/watch?v=48CtX6OgU3s,11,12,4,0.375
2025-12-18,For Golden Age Readers,1,Seniors’ Restaurant Discounts (expires on Dec 31) A simple list of year-round dining discounts quietly offered at familiar places.,4-family-winners-5-min-cake,https://www.canadianseniorsdirectory.ca/canadian-seniors-deals-and-discounts/,34,35,5,0.9
2025-12-18,For Golden Age Readers,2,Popular Christmas Breakfast Gathering,4-family-winners-5-min-cake,https://www.facebook.com/BayviewGlenChurch,12,13,5,0.6
2025-12-18,For Golden Age Readers,3,Aging Well Club: Final 2025 Session,4-family-winners-5-min-cake,https://www.vaughanpl.info/programs/view/3346,12,13,5,0.6
2025-12-18,For Golden Age Readers,4,"Sunday Sip & Create (Creativity Boost) A relaxed art session with warm drinks, sweet treats, and unhurried creativity. Create & Unwind",4-family-winners-5-min-cake,https://mcmichael.com/events/category/adult-programs/,10,10,5,0.3
2025-12-18,For Golden Age Readers,5,"️‍🩹 Mind, Body & Soul Gathering A gentle gathering that blends movement, conversation, and quiet spiritual reflection.",4-family-winners-5-min-cake,https://www.facebook.com/events/1372238247083833/1372238263750498/?active_tab=about,6,7,5,0.1
2025-12-25,For Families,1,"WinterFest: Lights, Skates, Smiles - All In One Night Millions of lights, skating, cocoa, live shows, record-tall Christmas tree. Watch Video",7-plans-after-christmas,https://www.sixflags.com/canadaswonderland,58,61,5,0.7
2025-12-25,For Families,2,"️ Top 3 Outdoor Skating Trails Smooth ice, lit paths, indoor warm-ups—glide, smile, repeat together.",7-plans-after-christmas,https://docs.google.com/document/d/1fNayEAQSIgGic3a7fo6aVsQPD6tDGDpOrr0-jqehS9c/edit?usp=sharing,58,60,5,0.7
2025-12-25,For Families,3,FREE Robotics & Coding Workshop,7-plans-after-christmas,https://moonhub.moonpreneur.com/mh/book-a-free-trial/in-person-richmond-hill/robotics?page_id=2706,47,50,5,0.1
2025-12-25,For Families,4,FREE Pre–New Year Family Bash,7-plans-after-christmas,https://www.richmondhill.ca/en/things-to-do/first-night.aspx#Event-Schedule,58,61,5,0.7
2025-12-25,For Families,5,️ Free Creativity Sessions at McMichael,7-plans-after-christmas,https://mcmichael.com/event/regarder-de-lart-circle-du-conte/2025-12-29/,52,54,5,0.3
2025-12-25,For Couples,1,"Italian New Year’s Eve Party (Woodbridge) Dinner, dancing, laughter, and Italian vibes to welcome the New Year.",7-plans-after-christmas,https://www.meetup.com/isggta55plus/events/312331326/,54,56,5,0.9
2025-12-25,For Couples,2,"Boxing Day Guided Hike at Kortright Fresh air, forest trails, and a rewarding winter hike together.",7-plans-after-christmas,https://www.meetup.com/hockley-valley-hiking-meetup-group/events/312433527/?eventOrigin=city_most_popular_event,11,11,5,0.1
2025-12-25,For Couples,3,New Year’s Eve at Château Le Jardin,7-plans-after-christmas,https://www.lejardin.com/new-year-eve-party,22,23,5,0.5
2025-12-25,For Couples,4,Speed Dating & Comedy Night,7-plans-after-christmas,https://www.eventbrite.ca/e/richmond-hillmarkham-speed-dating-and-comedy-show-age-40-50-tickets-1976539552007?aff=erelexpmlt,17,18,5,0.3
2025-12-25,For Couples,5,Candlelight: ABBA Tribute Concert,7-plans-after-christmas,https://feverup.com/m/258003,30,30,5,0.7
2025-12-25,For Golden Age Readers,1,18 Clubs of the Seniors Association of Vaughan Local senior clubs offering activities across Vaughan’s neighborhoods.,7-plans-after-christmas,https://saviseniors.ca/,24,27,5,0.7
2025-12-25,For Golden Age Readers,2,50 Senior Discounts - Your Money-Saving List A clear list of senior discounts to save money on essentials.,7-plans-after-christmas,https://moneygenius.ca/personal-finance/how-to-save-money/senior-discounts-canada,32,33,5,0.9
2025-12-25,For Golden Age Readers,3,‍🍳 Cozy Winter Cooking – Longo’s Class,7-plans-after-christmas,https://www.longos.com/cooking-classes/,22,24,5,0.5
2025-12-25,For Golden Age Readers,4,"️ Candles, Charcuterie & Beverages Workshop",7-plans-after-christmas,https://www.letsmakeit.ca/,15,15,5,0.3
2025-12-25,For Golden Age Readers,5,Free Online Meditation & Deep Dhamma Session,7-plans-after-christmas,https://www.facebook.com/events/580968768055601/580968771388934/?active_tab=about,9,10,5,0.1
2026-01-01,For Families,1,"Great K1 Speed Weekday 3-Race Special Racing deal perfect for BD parties, adrenaline lovers & spontaneous plans.",your-post-holiday-reset-plan,https://www.k1speed.ca/deals,25,26,5,0.1
2026-01-01,For Families,2,All Star Card & Comic Expo - Vaughan,your-post-holiday-reset-plan,https://www.facebook.com/events/4088914428031637/,28,30,5,0.4
2026-01-01,For Families,3,️ FREE Cool Maker Bracelet Studio Experience,your-post-holiday-reset-plan,https://allevents.in/vaughan/cool-maker-experience-at-staples-yonge-and-steeles-store-450/100001977286592425,40,40,5,0.7
2026-01-01,For Families,4,FREE LEGO® Friends Candy Shop Workshop,your-post-holiday-reset-plan,https://allevents.in/vaughan/lego-friends-candy-shop-at-staples-yonge-and-steeles-store-450/100001976037328844,44,50,5,0.9
2026-01-01,For Families,5,Special Choreographic Showcase 2026,your-post-holiday-reset-plan,https://tickets.cityplayhouse.ca/event/655:588/,28,30,5,0.4
2026-01-01,For Couples,1,"Free Craft & Taste Market Everything that makes winter feel warm will be here - local crafts, handmade treats, relaxed browsing.",your-post-holiday-reset-plan,https://www.facebook.com/events/777632218622747,40,45,5,0.9
2026-01-01,For Couples,2,REWIND at Fionn MacCool’s Dance night hits bring nostalgic fun and lively crowd.,your-post-holiday-reset-plan,https://www.facebook.com/Woodbridge.fionnmaccools,24,26,5,0.7
2026-01-01,For Couples,3,Vaughan Pop-Up Wedding Dress Sale,your-post-holiday-reset-plan,https://www.facebook.com/events/25069949092635074/,8,8,5,0.1
2026-01-01,For Couples,4,Stasera Chi Ride con Uccio – Live Italian Comedy Night,your-post-holiday-reset-plan,https://www.facebook.com/events/2562789127423148/,14,14,5,0.3
2026-01-01,For Couples,5,️ Psychic & Crystal Fair,your-post-holiday-reset-plan,https://www.facebook.com/events/1141025224882396,19,20,5,0.5
2026-01-01,For Golden Age Readers,1,"Tea Festival Discover global tea traditions through tastings, stories, and culture",your-post-holiday-reset-plan,https://www.facebook.com/events/920822983607501,18,20,5,0.7
2026-01-01,For Golden Age Readers,2,Beginner Basket Workshop Learn the basic art of basketry in this course for beginners.,your-post-holiday-reset-plan,https://www.facebook.com/BurrHouseSpinnersWeavers,13,13,5,0.4
2026-01-01,For Golden Age Readers,3,Retro Board Game Night,your-post-holiday-reset-plan,https://www.facebook.com/events/718068830943010,19,20,5,0.9
2026-01-01,For Golden Age Readers,4,‍♂️ Regulate and Restore Yoga,your-post-holiday-reset-plan,https://www.facebook.com/events/1876937989910806/1876937993244139/?active_tab=about,4,4,5,0.1
2026-01-01,For Golden Age Readers,5,Cooking with Diabetes,your-post-holiday-reset-plan,https://www.eventbrite.ca/e/cooking-with-diabetes-registration-1977032446267?aff=ebdssbdestsearch,13,13,5,0.4
2026-01-08,For Families,1,Ultimate Indoor Paintball Experience Canada's largest and best indoor paintball facility is open 365 days a year! Explore Fun!,7-family-picks-everyone-loves,https://www.sgtsplatters.com/youth-groups,31,33,5,0.3
2026-01-08,For Families,2,"Winter Showcase 2026 Big-stage dance, music, theatre, and local kids shine in one show.",7-family-picks-everyone-loves,https://tickets.cityplayhouse.ca/event/655:592/655:789/,50,51,5,0.9
2026-01-08,For Families,3,Gracie Barra Vaughan Grand Opening (FREE),7-family-picks-everyone-loves,https://allevents.in/vaughan/gracie-barra-vaughan-opening/100001977351136478,45,49,5,0.7
2026-01-08,For Families,4,️ FREE D&D Club - Bathurst Clark Library,7-family-picks-everyone-loves,https://allevents.in/vaughan/dandd-club-bathurst-clark-resource-library/100001978899407398,18,20,5,0.1
2026-01-08,For Families,5,Finally Here - Animaniacs: In Concert,7-family-picks-everyone-loves,https://flatomarkhamtheatre.ca/Online/default.asp?BOparam%3A%3AWScontent%3A%3AloadArticle%3A%3Apermalink=animaniacs&BOparam%3A%3AWScontent%3A%3AloadArticle%3A%3Acontext_id=,42,43,5,0.5
2026-01-08,For Couples,1,️ Love’n’Light – The Soul Café Live music evening with a soulful atmosphere - perfect for couples!,7-family-picks-everyone-loves,https://www.facebook.com/events/1859556698263969,38,38,4,0.875
2026-01-08,For Couples,2,"Malanka Nadiya 2026 An elegant Ukrainian Malanka celebration with a cocktail hour, midnight buffet, and open bar.",7-family-picks-everyone-loves,https://allevents.in/vaughan/malanka-nadiya-2026/200029047484159,9,9,4,0.125
2026-01-08,For Couples,4,️ Le Petit Chef - Immersive Dinner Show,7-family-picks-everyone-loves,https://www.instagram.com/le.petitchef/?hl=en,31,31,4,0.625
2026-01-08,For Couples,5,"Classic Albums Live: Bob Marley, Legend",7-family-picks-everyone-loves,https://www.rhcentre.ca/Online/default.asp,19,19,4,0.375
2026-01-08,For Golden Age Readers,1,"Intention Setting: Perfume & Candle Gift Set Workshop Create a custom perfume + soy candle in a calming, creative setting.",7-family-picks-everyone-loves,https://allevents.in/vaughan/intention-setting-and-gift-making-perfume-and-candle-gift-set-workshop/100001979209881033,11,12,5,0.3
2026-01-08,For Golden Age Readers,2,"All Stores That Offer Senior Discounts in Ontario in 2026 Seniors-exclusive discounts from retailers, grocery stores, fast food chains, and drugstores.",7-family-picks-everyone-loves,https://www.savvynewcanadians.com/what-stores-offer-senior-discounts-in-ontario/,56,59,5,0.9
2026-01-08,For Golden Age Readers,3,‍🍳 Fresh Handmade Pasta Making,7-family-picks-everyone-loves,https://allevents.in/vaughan/fresh-handmade-pasta-making-2-for-$95-%E2%80%A2-pasta-workshop/100001977785737381,14,15,5,0.5
2026-01-08,For Golden Age Readers,4,Aging Well Club,7-family-picks-everyone-loves,https://www.vaughanpl.info/programs/view/3346,8,8,5,0.1
2026-01-08,For Golden Age Readers,5,Puppy Yoga Vaughan,7-family-picks-everyone-loves,https://puppyyogastudio.ca/products/puppy-yoga-vaughan,27,28,5,0.7
2026-01-15,For Families,1,"Speaking With Power Kids’ confidence-building speaking session focused on clarity, presence, and expression. More Details",4-smart-picks-families-love,https://www.facebook.com/events/1540183060579743/,16,16,5,0.3
2026-01-15,For Families,2,"️3rd Youth Chess Festival Youth chess competition builds focus, strategy, confidence, and friendly sportsmanship.",4-smart-picks-families-love,https://www.facebook.com/events/3539092616232988/,15,15,5,0.1
2026-01-15,For Families,3,Ventastic Show,4-smart-picks-families-love,https://www.rhcentre.ca/online/default.asp?doWork%3A%3AWScontent%3A%3AloadArticle=Load&BOparam%3A%3AWScontent%3A%3AloadArticle%3A%3Aarticle_id=D0EE5F4B-4101-4451-97A4-D0A23743A64E,28,30,5,0.5
2026-01-15,For Families,4,Vaughan - Parent and Child Cooking Class,4-smart-picks-families-love,https://thechefupstairs.com/products/vaughan-parent-and-child-cooking-class-january?start=2026-01-01T00%3A00&select=2026-01-18T10%3A00,71,77,5,0.9
2026-01-15,For Families,5,FREE GUNPLA Build Day,4-smart-picks-families-love,https://www.facebook.com/events/817659214623946/,31,34,5,0.7
2026-01-15,For Couples,1,Vaughan Flavours – Winter Edition City-wide winter food festival showcasing diverse local flavours and special menus.,4-smart-picks-families-love,https://www.vaughan.ca/news/reserve-your-table-vaughan-flavours-winter-edition,65,69,4,0.875
2026-01-15,For Couples,3,Start Playing Catchball!,4-smart-picks-families-love,https://www.catchball.ca/about,25,27,4,0.625
2026-01-15,For Couples,4,Speed Dating (wide-range ages),4-smart-picks-families-love,https://www.facebook.com/events/876695948427632/,24,25,4,0.375
2026-01-15,For Couples,5,An Act of Grace by John Muggleton,4-smart-picks-families-love,https://app.arts-people.com/index.php?ticketing=cclub,10,11,4,0.125
2026-01-15,For Golden Age Readers,1,‍♂️ Bunny Yoga Gentle yoga session featuring playful bunnies creating joy and calming moments.,4-smart-picks-families-love,https://allevents.in/vaughan/bunny-yoga-by-yoga-kawa-vaughan/100001978974883148,21,22,5,0.5
2026-01-15,For Golden Age Readers,2,"How Prepared Are You? Discover Peace of Mind (FREE) Informational session focused on planning, preparedness, and personal peace of mind",4-smart-picks-families-love,https://www.facebook.com/events/852832217735385/,10,10,5,0.1
2026-01-15,For Golden Age Readers,3,‍🍳 Life After Fifty-Five Retirees Luncheon,4-smart-picks-families-love,https://www.facebook.com/events/1544370496835771/,22,22,5,0.7
2026-01-15,For Golden Age Readers,4,2026 - The Updated Senior Discounts,4-smart-picks-families-love,"https://www.seniorliving.org/finance/senior-discounts/#:~:text=AARP%20member-,Hotel%20and%20Rental%20Car%20Senior%20Discounts,Payless%20Car%20Rental",50,52,5,0.9
2026-01-15,For Golden Age Readers,5,️ Sip and Paint (just $35),4-smart-picks-families-love,https://www.pinotspalette.com/woodbridge/event/877724,14,14,5,0.3
2026-01-22,For Families,1,"Vaughan Bird Show Live parrots fly, talk, and perform tricks in a family-friendly show. See Show",5-inviting-spots-easy-brunch,https://www.eventbrite.com/e/vaughan-bird-show-saturday-january-24-300-pm-tickets-1980670583032,57,62,5,0.7
2026-01-22,For Families,2,Stuffed Animal Sleepover(Free) Drop off a stuffed friend for a cozy library sleepover adventure.,5-inviting-spots-easy-brunch,https://allevents.in/vaughan/stuffed-animal-sleepover-kleinburg-library/100001978846636559,37,42,5,0.5
2026-01-22,For Families,3,Matilda the Musical,5-inviting-spots-easy-brunch,https://bellvue.ticketsauce.com/e/matilda,28,30,5,0.1
2026-01-22,For Families,4,Vaughan New Year’s Levee,5-inviting-spots-easy-brunch,https://www.vaughan.ca/news/kick-2026-style-vaughans-new-years-levee,58,70,5,0.9
2026-01-22,For Families,5,Work at Summer Camp – Free Info Session (NYCS),5-inviting-spots-easy-brunch,https://www.jvstoronto.org/workshop-calendar/nycs-work-at-summer-camp-information-session/,32,36,5,0.3
2026-01-22,For Couples,1,Sip & Savour: Vaughan - Exclusive Event! Romantic hands-on cocktail and cooking experience for a couple.,5-inviting-spots-easy-brunch,https://thechefupstairs.com/products/vaughan-exclusive-event-sip-and-savour-a-mixology-and-cooking-experience-la-dolce-vita-cost-is-per-pair?start=2026-01-01T00%3A00&select=2026-01-29T18%3A00,41,42,5,0.9
2026-01-22,For Couples,2,"Israeli Party @ LUNA LOUNGE Night party featuring music, dancing, and a high-energy nightlife atmosphere.",5-inviting-spots-easy-brunch,https://www.facebook.com/events/805775625851818/,29,32,5,0.7
2026-01-22,For Couples,3,Lennon Live – a spectacular live concert,5-inviting-spots-easy-brunch,https://allevents.in/vaughan/lennon-live-from-beatle-to-legend-thornhill-on/200029066849723,26,26,5,0.5
2026-01-22,For Couples,4,Vaughan Speed Dating (Ages 32–45),5-inviting-spots-easy-brunch,https://allevents.in/vaughan/vaughan-speed-dating-ages-32-45-mens-spots-sold-out-tickets/80003086494094,23,24,5,0.3
2026-01-22,For Couples,5,Start Playing Catchball!,5-inviting-spots-easy-brunch,https://www.catchball.ca/about,22,23,5,0.1
2026-01-22,For Golden Age Readers,1,"Brunch at Ravine Café - 50+ Social brunch meetup at a cozy, well-loved café.",5-inviting-spots-easy-brunch,https://www.meetup.com/north-york-55-womens-group/events/312785386/,57,59,5,0.9
2026-01-22,For Golden Age Readers,2,"Free Self-Empowerment Course Simple daily practices to feel calmer, stronger, and more balanced.",5-inviting-spots-easy-brunch,https://allevents.in/vaughan/free-vaughan-education-course-self-empowerment-in-21-days-for-life/100001977194936279,24,25,5,0.4
2026-01-22,For Golden Age Readers,3,55+ Lunch Program & Bingo Popular lunch program returns with entertainment and Bingo.,5-inviting-spots-easy-brunch,https://anc.ca.apm.activecommunities.com/richmondhill/activity/search/detail/132565?onlineSiteId=0&from_original_cui=true,39,42,5,0.7
2026-01-22,For Golden Age Readers,4,️ Sunday Sip & Create,5-inviting-spots-easy-brunch,https://visitvaughan.ca/calendar/event/sunday-sip-and-create-1/,24,25,5,0.4
2026-01-22,For Golden Age Readers,5,Kitten Yoga (Devon Rex Edition),5-inviting-spots-easy-brunch,https://allevents.in/vaughan/kitten-yoga-by-yoga-kawa-vaughan-devon-rex/100001978975415741,20,21,5,0.1
2026-01-29,For Families,1,"Junior Lunar New Year Market Celebrate Lunar New Year with food, culture, and festive activities. Celebrate with Juniors!",5-valentine-s-day-event-picks,https://www.facebook.com/events/1240061507983083/,29,32,5,0.5
2026-01-29,For Families,2,Charcuterie Board Making Teen girls create fruit charcuterie boards together.,5-valentine-s-day-event-picks,https://www.facebook.com/events/920691317198163,19,20,5,0.3
2026-01-29,For Families,3,Competitive Showcase - Dance Performances,5-valentine-s-day-event-picks,https://tickets.cityplayhouse.ca/event/655:598/655:800/,13,14,5,0.1
2026-01-29,For Families,4,Free Paper Roses Valentine’s Day Cards Workshop,5-valentine-s-day-event-picks,https://www.eventbrite.ca/e/paper-roses-valentines-day-cards-at-staples-calgary-south-store-62-tickets-1978181939432,38,39,5,0.9
2026-01-29,For Families,5,Fun Indoor Nerf Battle Event,5-valentine-s-day-event-picks,https://www.facebook.com/events/928366326425170/,31,32,5,0.7
2026-01-29,For Couples,1,"️ Craft & Taste Market – Valentine’s Edition Handmade gifts, treats, and cozy browsing for Valentine’s family weekend fun. Browse Local Best",5-valentine-s-day-event-picks,https://www.facebook.com/events/4551488028412596,24,27,5,0.4
2026-01-29,For Couples,2,"Dinner & Live Music at Aura Restaurant (highly-rated event) Italian dinner night with live jazz music, dancing, and social vibes.",5-valentine-s-day-event-picks,https://www.meetup.com/la-dolce-vita-italian-dinner-group-50-plus-vaughan/events/312831142/,49,50,5,0.9
2026-01-29,For Couples,3,Valentine’s Day Chocolate Workshop,5-valentine-s-day-event-picks,https://www.facebook.com/events/1440290600788619/,24,27,5,0.4
2026-01-29,For Couples,4,Vaughan Flavours Dining Experience,5-valentine-s-day-event-picks,https://www.vaughan.ca/news/book-now-vaughan-flavours-winter-edition,28,30,5,0.7
2026-01-29,For Couples,5,‍🍳💞 Food Lover’s Valentine’s Day (Couples Cooking Class),5-valentine-s-day-event-picks,https://thechefupstairs.com/products/vaughan-food-lovers-valentines-day-tasting-menu-2026-priced-per-couple?start=2026-02-01T00%3A00&select=2026-02-13T18%3A30,18,19,5,0.1
2026-01-29,For Golden Age Readers,1,Reboot Your Love Life Online intro session for singles over 50 seeking clarity.,5-valentine-s-day-event-picks,https://www.meetup.com/reboot-your-love-life-after-50/events/312505161/?eventOrigin=group_similar_events,5,6,5,0.5
2026-01-29,For Golden Age Readers,2,Makers With a Cause Volunteer workshop creating birthday kits for families in need.,5-valentine-s-day-event-picks,https://www.vaughanpl.info/programs/view/3299,10,11,5,0.9
2026-01-29,For Golden Age Readers,3,Dot Art Workshop at Craft Food Market,5-valentine-s-day-event-picks,https://www.eventbrite.ca/e/dot-art-workshop-at-the-craft-food-market-tickets-1980688042253,4,4,5,0.3
2026-01-29,For Golden Age Readers,4,️ Emerging Directions,5-valentine-s-day-event-picks,https://www.facebook.com/events/1596180651514401/,2,2,5,0.1
2026-01-29,For Golden Age Readers,5,️ Valentine’s Candle Making Workshop,5-valentine-s-day-event-picks,https://www.facebook.com/events/1438504931051156/,9,11,5,0.7
2026-02-05,For Families,1,"Vaughan Celebrates Winterfest Two-day ONLY, winter festival with rides, activities, giveaways indoors and outdoors. See Details",7-events-going-viral-now,https://visitvaughan.ca/calendar/event/vaughan-celebrates-winterfest/,55,58,5,0.7
2026-02-05,For Families,2,Kids’ Night Out: Valentine’s Day Supervised kids evening with games crafts snacks and outdoor fun.,7-events-going-viral-now,https://www.vaughan.ca/upcoming-events/kids-night-out-valentines-day,32,33,5,0.1
2026-02-05,For Families,3,Celebrate Lunar New Year at Vaughan Mills,7-events-going-viral-now,https://www.vaughanmills.com/events/celebrate-the-year-of-the-horse-lunar-new-year-at-vaughan-mills/,60,63,5,0.9
2026-02-05,For Families,4,Mini-Makers,7-events-going-viral-now,https://markham.bibliocommons.com/v2/events?series=68fbe0cd75911f28001a2513,34,37,5,0.3
2026-02-05,For Families,5,Family Paint Party Guided Valentine themed painting session for families tweens teens adults.,7-events-going-viral-now,https://www.eventbrite.com/e/family-paint-party-tickets-1980593861556?aff=ebdssbdestsearch,38,43,5,0.5
2026-02-05,For Couples,1,"Wella Takeover Day: Woodbridge One-day beauty brand takeover featuring demos, discounts, and professional product education.",7-events-going-viral-now,https://www.facebook.com/events/4402430873310529/,22,23,4,0.875
2026-02-05,For Couples,2,"“In Love” – Valentine’s Evening Music That Heals Live romantic music evening focused on connection, emotion, and healing vibes.",7-events-going-viral-now,https://www.universe.com/events/in-love-valentine-s-evening-music-that-heals-the-soul-tickets-KVHSYL?ref=share-widget-buffer,16,16,4,0.375
2026-02-05,For Couples,3,Pickleplex Fun,7-events-going-viral-now,https://pickleplexclub.ca/vaughan/,18,19,4,0.625
2026-02-05,For Couples,5,️ Crafted Love Gift Making Workshop,7-events-going-viral-now,https://www.eventbrite.ca/e/crafted-love-a-gift-making-experience-perfume-candle-gift-set-workshop-tickets-1976669390357,10,10,4,0.125
2026-02-05,For Golden Age Readers,1,Girls Nite Out Comedy and entertainment night celebrating women friendship laughter together live.,7-events-going-viral-now,https://flatomarkhamtheatre.ca/Online/default.asp?BOparam%3A%3AWScontent%3A%3AloadArticle%3A%3Apermalink=girls-nite&BOparam%3A%3AWScontent%3A%3AloadArticle%3A%3Acontext_id=,24,25,5,0.9
2026-02-05,For Golden Age Readers,2,"Healing Day – Up to 50% Off Healings Wellness day offering discounted holistic treatments, consultations, and restorative health sessions.",7-events-going-viral-now,https://www.facebook.com/events/897451666184540/,9,9,5,0.3
2026-02-05,For Golden Age Readers,3,Knitting Circle,7-events-going-viral-now,https://markham.bibliocommons.com/events/6914e38cfbf38a2800235d0e,12,12,5,0.6
2026-02-05,For Golden Age Readers,4,Valentine’s Day Rom-Com Watch Party (only $7),7-events-going-viral-now,https://www.eventbrite.ca/e/valentines-rom-com-watch-party-tickets-1981252246804,12,14,5,0.6
2026-02-05,For Golden Age Readers,5,Bracelet Crafting Class,7-events-going-viral-now,https://www.facebook.com/events/3403941019756097/,6,6,5,0.1
2026-02-12,For Families,1,️ Richvale Winter Fest Community winter festival featuring activities family fun seasonal celebration. See Details,5-family-day-picks-people-love,https://onrichmondhill.com/?q=richvale-winter-fest-hosted-grace-baptist-church,84,94,4,0.875
2026-02-12,For Families,3,Mardi Gras Pancake Gathering,5-family-day-picks-people-love,https://www.facebook.com/photo/?fbid=1370893025082116&set=gm.2340893629719645,50,54,4,0.125
2026-02-12,For Families,4,Rare Vaughan Toy Show,5-family-day-picks-people-love,https://vaughantoyshow.com/,74,79,4,0.625
2026-02-12,For Families,5,️ Kids Craft Time: Woven Heart (Free) Free PA Day craft making felt hearts kids take home,5-family-day-picks-people-love,https://www.facebook.com/events/1231555232264105,57,59,4,0.375
2026-02-12,For Couples,1,Galentine’s Pilates & Sips,5-family-day-picks-people-love,https://www.eventbrite.com/e/sip-sweat-galentines-day-mat-pilates-at-revolve-room-tickets-1980237516719?aff=ebdsoporgprofile,12,12,5,0.1
2026-02-12,For Couples,2,Fly Me to the Moon Dinner Show,5-family-day-picks-people-love,https://allevents.in/vaughan/fly-me-to-the-moon-a-sinatra-era-concert-and-dinner/80005016949425,40,43,5,0.9
2026-02-12,For Couples,3,Special Valentine’s Dinner,5-family-day-picks-people-love,https://www.costasorrento.ca/valentinesday,32,36,5,0.7
2026-02-12,For Couples,4,Valentine’s Hot Glass Date Night,5-family-day-picks-people-love,https://www.facebook.com/events/749072157602487/,30,31,5,0.5
2026-02-12,For Couples,5,Live Music - Soul Connection,5-family-day-picks-people-love,https://tickets.rhcentre.ca/Online/default.asp?BOparam%3A%3AWScontent%3A%3AloadArticle%3A%3Apermalink=RHCPAPresentsTheRHPOsSoulConnection&BOparam%3A%3AWScontent%3A%3AloadArticle%3A%3Acontext_id=,21,22,5,0.3
2026-02-12,For Golden Age Readers,1,Bake Club for Adults ( $7 only ),5-family-day-picks-people-love,https://www.vaughanpl.info/programs/view/3337,28,32,5,0.8
2026-02-12,For Golden Age Readers,2,️ Recognizing Fake News,5-family-day-picks-people-love,https://markham.bibliocommons.com/events/68fbd4110176055300fe7ee6,10,10,5,0.1
2026-02-12,For Golden Age Readers,3,Beauty and the Beast – Performance ($17 only),5-family-day-picks-people-love,https://tickets.cityplayhouse.ca/event/655:549/655:719/,15,15,5,0.5
2026-02-12,For Golden Age Readers,4,Chair Yoga (Online),5-family-day-picks-people-love,https://markham.bibliocommons.com/events/691e0ecca18afa0c612b8413,28,31,5,0.8
2026-02-12,For Golden Age Readers,5,Painting with Fibre Workshop,5-family-day-picks-people-love,https://unionville.ca/things-to-do/events/,14,16,5,0.3
2026-02-19,For Families,1,️ The Outdoor Adventure Show Canada’s largest showcase of outdoor gear and travel for the whole family! Explore Real Fun,7-events-families-asked-for,https://www.facebook.com/events/998860449107257/,21,24,5,0.1
2026-02-19,For Families,2,Children's Portrait Pop-Up (rare opportunity) Professional children's portrait sessions at the Hillcrest Mall location.,7-events-families-asked-for,https://book.usesession.com/s/VnNYKZd4sO,43,45,5,0.7
2026-02-19,For Families,3,Community Bowling Afternoon,7-events-families-asked-for,https://www.facebook.com/events/1529945114969592/,40,43,5,0.3
2026-02-19,For Families,4,"Lunar New Year Celebration (Free) Exciting entertainment, vibrant traditional lion dance, giveaways, and more. See Details",7-events-families-asked-for,https://www.vaughan.ca/upcoming-events/lunar-new-year-0,42,46,5,0.5
2026-02-19,For Families,5,FREE Kids STEM Workshop Interactive STEM workshop engaging children through hands-on learning.,7-events-families-asked-for,https://www.facebook.com/events/1179389774402554/,60,64,5,0.9
2026-02-19,For Couples,1,Panoramic RV at the Big RV Show – New & Refreshing,7-events-families-asked-for,https://www.facebook.com/events/1889763595748089/,11,11,5,0.3
2026-02-19,For Couples,2,It’s All About the Jazz,7-events-families-asked-for,https://www.facebook.com/events/1189513403348036/,13,14,5,0.6
2026-02-19,For Couples,3,Hot As Heck Comedy Tour,7-events-families-asked-for,https://www.facebook.com/events/2152493585495507/,16,17,5,0.9
2026-02-19,For Couples,4,Purim Party @ Luna Lounge,7-events-families-asked-for,https://www.facebook.com/events/929386966279433/,13,15,5,0.6
2026-02-19,For Couples,5,2026 Spring Wedding Show,7-events-families-asked-for,https://modernwedding.show/,9,9,5,0.1
2026-02-19,For Golden Age Readers,1,Retirees Luncheon,7-events-families-asked-for,https://www.facebook.com/events/1351957850282639/,18,18,5,0.7
2026-02-19,For Golden Age Readers,2,The Funny Thing Is Comedy Show ($17 only),7-events-families-asked-for,https://www.eventbrite.com/e/the-funny-thing-is-comedy-show-vol-2-tickets-1982205264305?aff=ebdssbdestsearch,20,20,5,0.9
2026-02-19,For Golden Age Readers,3,Tea and Murukku Gathering,7-events-families-asked-for,https://markham.bibliocommons.com/events/69160d05683f18f7608d41a8,10,11,5,0.1
2026-02-19,For Golden Age Readers,4,Practice Joy with Laughter Yoga,7-events-families-asked-for,https://markham.bibliocommons.com/events/691e12d475911f28001c21a4,13,13,5,0.4
2026-02-19,For Golden Age Readers,5,A Moment of Intention Workshop,7-events-families-asked-for,https://www.eventbrite.ca/e/a-moment-of-intention-manifest-with-visual-storytelling-scent-anchoring-tickets-1979210320347,13,13,5,0.4
2026-02-26,For Families,1,"Maple Syrup Festival at Kortright Tap into spring with live maple syrup demos, wagon rides, café, and treats. Visit Here 🥧 Baking 101 for Kids - Pies & Tarts",5-women-s-day-favorites,https://trca.ca/maple-syrup-festival-at-kortright/,60,64,4,0.875
2026-02-26,For Families,3,‍👧 Daddy Daughter Day,5-women-s-day-favorites,https://www.facebook.com/photo/?fbid=1562263425741035&set=gm.2354293555068956,43,49,4,0.625
2026-02-26,For Families,4,Free In-Person Robotics Workshop,5-women-s-day-favorites,https://www.facebook.com/photo/?fbid=1409171301225912&set=gm.1850195025699893,38,46,4,0.375
2026-02-26,For Families,5,"March – Nerf Battle Event High-energy Nerf battles, team rounds, serious fun.",5-women-s-day-favorites,https://www.facebook.com/events/1268495768483253/,23,23,4,0.125
2026-02-26,For Couples,1,Special for Her - Spring Floral Workshop,5-women-s-day-favorites,https://www.eventbrite.ca/e/spring-floral-workshop-international-womens-day-tickets-1983464414457?aff=ebdssbdestsearch,34,34,5,0.7
2026-02-26,For Couples,2,Bedouin Soundclash – Live Performance,5-women-s-day-favorites,https://www.rhcentre.ca/online/default.asp?doWork%3A%3AWScontent%3A%3AloadArticle=Load&BOparam%3A%3AWScontent%3A%3AloadArticle%3A%3Aarticle_id=243CAEAC-28C2-4B13-86DF-5919B3D2D39D,10,11,5,0.1
2026-02-26,For Couples,3,She Rises – International Women’s Day High Tea,5-women-s-day-favorites,https://allevents.in/vaughan/she-rises-international-womens-day-high-tea-supporting-jean-tweed-centre/100001982853530286,50,53,5,0.9
2026-02-26,For Couples,4,Bring Your Friend – Perfume & Candle Workshop,5-women-s-day-favorites,https://www.eventbrite.ca/e/crafted-in-bloom-a-perfume-candle-making-workshop-tickets-1983192101963?aff=ebdssbdestsearch,24,28,5,0.5
2026-02-26,For Couples,5,Everything for Her - Fashion Workshop Hands-on fashion workshop exploring design trends.,5-women-s-day-favorites,https://www.eventbrite.ca/e/fashion-workshop-adults-tickets-1980842945573?aff=oddtdtcreator,17,17,5,0.3
2026-02-26,For Golden Age Readers,1,️ Crafted in Bloom – Unusual Experience Cozy spring candle workshop with laughs and surprises.,5-women-s-day-favorites,https://www.eventbrite.ca/e/crafted-in-bloom-a-spring-inspired-candle-making-experience-tickets-1983191760943?aff=ebdsoporgprofile,12,13,5,0.4
2026-02-26,For Golden Age Readers,2,Brunch Time – Women Only,5-women-s-day-favorites,https://www.meetup.com/women-that/events/313455636/?recId=81d26b29-3d51-48f4-b369-78040ef408f5&recSource=event-search&searchId=4ea1906f-afdd-47e8-9646-7023777b0c09&eventOrigin=find_page%24all,22,23,5,0.9
2026-02-26,For Golden Age Readers,3,Chair Yoga (simple & effective) Gentle stretches and breathing to feel lighter today. Join From Home,5-women-s-day-favorites,https://markham.bibliocommons.com/events/691e0ecca18afa0c612b8415,18,18,5,0.7
2026-02-26,For Golden Age Readers,4,Spring Coffee Meetup – Richmond Hill,5-women-s-day-favorites,https://www.meetup.com/richmond-hill-millennials-social-club/events/313372924/?recId=81d26b29-3d51-48f4-b369-78040ef408f5&recSource=event-search&searchId=4ea1906f-afdd-47e8-9646-7023777b0c09&eventOrigin=find_page%24all,12,14,5,0.4
2026-02-26,For Golden Age Readers,5,Painting Date Night,5-women-s-day-favorites,https://www.pinotspalette.com/woodbridge/event/882536,10,10,5,0.1
2026-03-05,For Families,1,Outstanding Performance by JDL: Mean Girls Jr. Youth theatre performance adaptation of Mean Girls musical. See Details,5-events-most-people-miss,https://tickets.cityplayhouse.ca/event/655:578/,26,31,5,0.1
2026-03-05,For Families,2,️ Maple Mystery at The Village,5-events-most-people-miss,https://calendar.trca.ca/event/maple-mystery-at-the-village/,63,64,5,0.6
2026-03-05,For Families,3,Free March Break Children’s Art Classes,5-events-most-people-miss,https://www.eventbrite.ca/e/march-break-childrens-art-classes-at-the-mill-pond-gallery-tickets-1983182682790,84,96,5,0.9
2026-03-05,For Families,4,Mini-Makers Workshop,5-events-most-people-miss,https://markham.bibliocommons.com/events/68fbe0a50176055300fe813d,48,50,5,0.3
2026-03-05,For Families,5,Moms & Daughters Favourite - DIY Glam Sesh,5-events-most-people-miss,https://www.glamagalparty.com/marchbreakcamp,63,66,5,0.6
2026-03-05,For Couples,1,Dinner & Discover: AI and Human Connection,5-events-most-people-miss,https://oacfp.com/company/roster/companyRosterDetails.html?companyId=26108&companyRosterId=109,22,22,5,0.1
2026-03-05,For Couples,2,‍♀️ International Women’s Day Spa Packages for Her,5-events-most-people-miss,https://www.santehealingspas.com/spa-deals-thornhill,58,62,5,0.9
2026-03-05,For Couples,3,Tastes of Thailand – Cooking Class,5-events-most-people-miss,https://thechefupstairs.com/products/vaughan-classic-thai-cooking-class?start=2026-03-01T00%3A00&select=2026-03-05T18%3A30,37,37,5,0.7
2026-03-05,For Couples,4,Great American Crooners Live,5-events-most-people-miss,https://flatomarkhamtheatre.ca/Online/default.asp?doWork%3A%3AWScontent%3A%3AloadArticle=Load&BOparam%3A%3AWScontent%3A%3AloadArticle%3A%3Aarticle_id=469852D1-BB8D-4133-8E90-D74FE8736065,25,26,5,0.4
2026-03-05,For Couples,5,"St.PaddysPparty - Great Food, Yummy Eats & Green Beer",5-events-most-people-miss,https://www.facebook.com/events/1571298607436000/,25,25,5,0.4
2026-03-05,For Golden Age Readers,1,17 Senior Discounts in Ontario 2026,5-events-most-people-miss,https://seniorsite.org/resource/17-senior-discounts-in-ontario-2026-free-mcdonalds-coffee-more/,60,69,5,0.9
2026-03-05,For Golden Age Readers,2,Enhancing Seniors Well-being,5-events-most-people-miss,https://www.eventbrite.ca/e/enhancing-seniors-well-being-in-york-region-series-5-tickets-1983912008222?aff=ebdssbdestsearch,15,16,5,0.5
2026-03-05,For Golden Age Readers,3,‍♀️ Yoga for Older Adults (Online),5-events-most-people-miss,https://markham.bibliocommons.com/events/691e0f970d45944c9e678368,12,12,5,0.3
2026-03-05,For Golden Age Readers,4,Knitting Circle,5-events-most-people-miss,https://markham.bibliocommons.com/events/6914e38cfbf38a2800235d0f,10,10,5,0.1
2026-03-05,For Golden Age Readers,5,Naturally Mindful Silent Retreat,5-events-most-people-miss,https://calendar.trca.ca/event/naturally-mindful-silent-retreat-in-nature/,18,18,5,0.7
2026-03-12,For Families,1,Full Day of Children's Empowerment Program (Free),5-events-worth-saving-this-week,https://mcmichael.com/event/bilingual-family-sunday-mirror-mirror-on-the-wall/,85,92,5,0.7
2026-03-12,For Families,2,$10 Shoe & Clothing Warehouse Sale,5-events-worth-saving-this-week,https://www.facebook.com/events/1244322610511145,161,175,5,0.9
2026-03-12,For Families,3,️ March Break Camp – Fun & Active Play,5-events-worth-saving-this-week,https://www.eventbrite.com/e/march-break-camp-fun-learning-active-play-for-kids-ages-612-tickets-1984485485508?aff=ebdssbdestsearch,36,36,5,0.1
2026-03-12,For Families,4,Kitchen STEAM: Pi(e) Day ($5 Only),5-events-worth-saving-this-week,https://www.vaughanpl.info/programs/view/3608,48,49,5,0.5
2026-03-12,For Families,5,Kids March Break Week: Multiple Creative Art-Craft Classes,5-events-worth-saving-this-week,https://crockadoodle.com/richmondhill,44,48,5,0.3
2026-03-12,For Couples,2,ELECTRIFYING Georgian National Dance Group “Qartveli”,5-events-worth-saving-this-week,https://tickets.cityplayhouse.ca/event/655:615/655:815/,5,5,4,0.125
2026-03-12,For Couples,3,Crystal Bracelet Workshop & Enjoyable Drink,5-events-worth-saving-this-week,https://www.facebook.com/events/1395609658981185/,25,25,4,0.875
2026-03-12,For Couples,4,Night Party @ Luna Lounge,5-events-worth-saving-this-week,https://www.facebook.com/events/1610061840320308/,16,17,4,0.625
2026-03-12,For Couples,5,St. Patrick’s Rocks – U2 Tribute Experience,5-events-worth-saving-this-week,https://tickets.celebratevaughan.com/e/u2tributeshow,14,17,4,0.375
2026-03-12,For Golden Age Readers,1,Earth Day: Inuit Soap Carving Workshop,5-events-worth-saving-this-week,https://calendar.trca.ca/event/earth-day-inuit-soap-carving-workshop/,10,11,5,0.1
2026-03-12,For Golden Age Readers,2,Maintain Your Brain Seminar,5-events-worth-saving-this-week,https://www.facebook.com/events/1457833985679896/,17,18,5,0.7
2026-03-12,For Golden Age Readers,3,Practice Joy with Laughter Yoga,5-events-worth-saving-this-week,https://markham.bibliocommons.com/events/691e12d475911f28001c21a7,11,11,5,0.3
2026-03-12,For Golden Age Readers,4,Everything About Artificial Intelligence (AI),5-events-worth-saving-this-week,https://markham.bibliocommons.com/events/68fbd4670176055300fe7ee8,14,15,5,0.5
2026-03-12,For Golden Age Readers,5,Maple Syrup for All Ages ($10 Only),5-events-worth-saving-this-week,https://trca.ca/maple-syrup-festival-at-kortright/#buy,45,46,5,0.9
2026-03-19,For Families,1,"Ontario Equine Expo Horses, demonstrations, shopping, and equestrian fun weekend. Explore the Expo",5-picks-moms-will-love-this-week,https://www.ontarioequinexpo.ca/,36,37,5,0.7
2026-03-19,For Families,2,"Sugarbush Maple Syrup Festival @ Kortright Celebrate spring’s sweetest tradition with syrup, trails, fun, and family.",5-picks-moms-will-love-this-week,https://calendar.trca.ca/event/sugarbush-maple-syrup-festival-3/,54,59,5,0.9
2026-03-19,For Families,3,"Stagecoach Discovery Day: Drama, Dance & Singing Kids discover singing, dancing, and drama at Discovery Day.",5-picks-moms-will-love-this-week,https://www.facebook.com/events/2761777787514846/,31,33,5,0.3
2026-03-19,For Families,4,Baby Prints on Pottery: Bunny & Chick Feet,5-picks-moms-will-love-this-week,https://www.facebook.com/events/1459467522378366/,32,36,5,0.5
2026-03-19,For Families,5,Storytelling Circle - Art for Families,5-picks-moms-will-love-this-week,https://visitvaughan.ca/calendar/event/storytelling-circle-looking-at-art-1/,26,26,5,0.1
2026-03-19,For Couples,1,Fashion Picks For The 6ix Designer Sale,5-picks-moms-will-love-this-week,https://www.facebook.com/events/1635940067589772/,27,27,5,0.7
2026-03-19,For Couples,2,"Popular Craft & Taste Market (Free Entry) Sip, shop, taste, and enjoy local handmade goods from local makers.",5-picks-moms-will-love-this-week,https://www.facebook.com/events/1223375676608301/,37,38,5,0.9
2026-03-19,For Couples,3,"High Tea & the “Emotional Heart” Sip tea, nourish heart, learn emotional wellness with community.",5-picks-moms-will-love-this-week,https://allevents.in/richmond-hill/high-tea-and-the-emotional-heart-presentation/200029661680530,23,24,5,0.5
2026-03-19,For Couples,4,Private Painting Class (great for couples & friends),5-picks-moms-will-love-this-week,https://www.facebook.com/events/892663376704187/,9,9,5,0.1
2026-03-19,For Couples,5,Pickleball Tournament,5-picks-moms-will-love-this-week,https://www.facebook.com/events/1205798615042552/,11,11,5,0.3
2026-03-19,For Golden Age Readers,1,Enchanted Curiosities Holistic Healing Fair,5-picks-moms-will-love-this-week,https://www.facebook.com/events/778352518377974/,16,17,5,0.9
2026-03-19,For Golden Age Readers,2,Canadian Staff Band Festival 57,5-picks-moms-will-love-this-week,https://www.facebook.com/events/1447620043423964/,8,9,5,0.2
2026-03-19,For Golden Age Readers,3,Retirees Luncheon LAFF,5-picks-moms-will-love-this-week,https://www.facebook.com/events/933514652409507,12,12,5,0.5
2026-03-19,For Golden Age Readers,4,Unionville - 10th Anniversary Music Gala,5-picks-moms-will-love-this-week,https://www.facebook.com/events/790709334017874/,14,15,5,0.7
2026-03-19,For Golden Age Readers,5,Boots for Art,5-picks-moms-will-love-this-week,https://www.facebook.com/events/967966179737880/,8,9,5,0.2
2026-03-26,For Families,1,"Sugarbush Maple Syrup Festival @ Kortright Celebrate spring’s sweetest tradition with syrup, trails, fun, and family.",3-trending-fests-lunch-deals,https://calendar.trca.ca/event/sugarbush-maple-syrup-festival-9/,41,43,5,0.7
2026-03-26,For Families,2,"Performing Parrots Show Fun live bird show with parrots flying, dancing, talking, and playful tricks. Watch Them Fly",3-trending-fests-lunch-deals,https://www.eventbrite.com/e/vaughan-bird-show-saturday-march-28-600-pm-tickets-1985733094139?aff=erelexpmlt,49,54,5,0.9
2026-03-26,For Families,3,"Easter on Main Street Unionville Easter festivities, activities, and family-friendly entertainment in Unionville. Celebrate Easter & Spring",3-trending-fests-lunch-deals,https://www.facebook.com/events/796965322796844/,36,39,5,0.5
2026-03-26,For Families,4,‍🍳 Kids Cooking Classes Spring Series,3-trending-fests-lunch-deals,https://thechefupstairs.com/products/vaughan-kids-cooking-classes-5-week-spring-session-part-1-saturday-march-28-may-2-2026?start=2026-03-01T00%3A00&select=2026-03-28T10%3A00,26,29,5,0.1
2026-03-26,For Families,5,Mini-Makers Creative Workshop,3-trending-fests-lunch-deals,https://markham.bibliocommons.com/events/68fbe20064ad59251cb9d988,30,30,5,0.3
2026-03-26,For Couples,1,The Mom Market - Easter at Promenade Curated artisan market celebrating handmade creative talent! Check the List,3-trending-fests-lunch-deals,https://www.facebook.com/events/1588818875650763/,28,30,5,0.7
2026-03-26,For Couples,2,"Fun Games, Karaoke, Music Trivia Fun night of games, music, and friendly competition with prizes.",3-trending-fests-lunch-deals,https://visitvaughan.ca/calendar/event/games-night/,15,15,5,0.5
2026-03-26,For Couples,3,Easter Sunday Lunch Buffet,3-trending-fests-lunch-deals,https://www.costasorrento.ca/easter,45,47,5,0.9
2026-03-26,For Couples,4,Elegant Showcase 2026,3-trending-fests-lunch-deals,https://tickets.cityplayhouse.ca/event/655:617/655:818/,14,14,5,0.3
2026-03-26,For Couples,5,️Crafted in Bloom – Perfume & Candle Workshop Cozy hands-on workshop where you craft a custom perfume and candle to keep or gift. Make Something Lovely,3-trending-fests-lunch-deals,https://visitvaughan.ca/calendar/event/crafted-in-bloom-a-perfume-candle-making-workshop-1/,13,14,5,0.1
2026-03-26,For Golden Age Readers,1,"The Last Wife by Kate Hennig - Play Ambition, power, and secrets shake royal lives!",3-trending-fests-lunch-deals,https://thecurtainclub.org/the-last-wife/,7,7,4,0.125
2026-03-26,For Golden Age Readers,3,Sunday Sip & Create,3-trending-fests-lunch-deals,https://tickets.mcmichael.com/Default.aspx?tagid=13,17,17,4,0.875
2026-03-26,For Golden Age Readers,4,Creative Age: Drum & Percussion Circle,3-trending-fests-lunch-deals,https://www.vaughanpl.info/programs/view/3569,10,10,4,0.625
2026-03-26,For Golden Age Readers,5,Affordable DOAHL Dance Competitive Showcase,3-trending-fests-lunch-deals,https://tickets.cityplayhouse.ca/event/655:623/655:825/,9,9,4,0.375
2026-04-02,For Families,1,"Easter Hopfest Event + Rides Spring HopFest with family fun, festive activities, and Easter excitement. Explore More",5-easter-picks-everyone-loves,https://www.hopfest.ca/,49,60,5,0.7
2026-04-02,For Families,2,"Maple Lions Pancake Fest (free entry) Pancakes, live music, kids’ crafts, and family fun.",5-easter-picks-everyone-loves,https://allevents.in/vaughan/maple-lions-pancake-fest-tickets/80002069959519,59,67,5,0.9
2026-04-02,For Families,3,Spring Canadian Pet Expo,5-easter-picks-everyone-loves,https://unitytickets.com/se/CPE040326/TICKET/en-CA/start/process.aspx,45,48,5,0.5
2026-04-02,For Families,4,Bowling Session With the Family (50% off),5-easter-picks-everyone-loves,https://www.splitsvillebowl.ca/offers,42,45,5,0.3
2026-04-02,For Families,5,"14th Markham Easter Egg Hunt Fun-filled Easter egg hunt with treats, toys, and family excitement. Hunt for Fun",5-easter-picks-everyone-loves,https://www.facebook.com/events/873421642366916/,35,37,5,0.1
2026-04-02,For Couples,2,Paint & Sip Woodbridge,5-easter-picks-everyone-loves,https://www.pinotspalette.com/woodbridge/event/904482,14,14,4,0.5
2026-04-02,For Couples,3,"Argentine Tango Classes Passion, rhythm, and movement make this a playful date idea.",5-easter-picks-everyone-loves,https://www.facebook.com/events/856079170359516/856079210359512/?active_tab=about,14,15,4,0.5
2026-04-02,For Couples,4,Great Lake Swimmers at Harmony Hall Warm live concert with rich harmonies & goosebump-worthy sound.xz Enjoy the Music,5-easter-picks-everyone-loves,https://www.eventbrite.ca/e/great-lake-swimmers-at-harmony-hall-tickets-1781591160119?aff=ebdssbdestsearch,11,12,4,0.125
2026-04-02,For Couples,5,Oxygen Massage Escape for 2,5-easter-picks-everyone-loves,https://www.santehealingspas.com/spa-deals-thornhill,20,20,4,0.875
2026-04-02,For Golden Age Readers,1,Orchestra – Architecture and Conversations Elegant live orchestra performance with timeless music and refined stage atmosphere. Enjoy the Music,5-easter-picks-everyone-loves,https://ksorchestra.ca/events/architecture-and-conversations/,8,9,4,0.125
2026-04-02,For Golden Age Readers,2,️ Museum Exhibition Fresh Canadian art exhibit mixing classic favourites with bold new voices.,5-easter-picks-everyone-loves,https://visitvaughan.ca/calendar/event/exhibition-fresh-air-new-acquisitions-in-context/,10,10,4,0.375
2026-04-02,For Golden Age Readers,4,"Brunch, Dinner, and Fun Outings",5-easter-picks-everyone-loves,https://www.meetup.com/women-that/,21,27,4,0.875
2026-04-02,For Golden Age Readers,5,Weaving Together,5-easter-picks-everyone-loves,https://markham.bibliocommons.com/events/698c99b6d34a4e7592855801,12,12,4,0.625
2026-04-09,For Families,1,"Canada’s Largest Maple Syrup Festival – Last Chance Pancakes, maple treats, rides, crafts, and one sweet family day. Catch It Before It Ends",what-everyone-s-saving-this-week,https://www.facebook.com/events/1439920254178486/,70,75,5,0.9
2026-04-09,For Families,2,"Family Mapping & Orienteering at Kortright Unplug, explore nature, & navigate together through real outdoor adventure.",what-everyone-s-saving-this-week,https://calendar.trca.ca/event/family-experiences-at-kortright-mapping-and-orienteering-2/,35,36,5,0.1
2026-04-09,For Families,3,️ Family Art Detectives- Full Family Day for Free,what-everyone-s-saving-this-week,https://mcmichael.com/event/family-sunday-art-detectives/,56,59,5,0.7
2026-04-09,For Families,4,Earth Day Celebration - BringYour Family,what-everyone-s-saving-this-week,https://www.facebook.com/events/789722137117671,46,53,5,0.5
2026-04-09,For Families,5,Reptiles of Ontario See live reptiles and learn cool Ontario wildlife facts together.,what-everyone-s-saving-this-week,https://calendar.trca.ca/event/reptiles-of-ontario/,41,42,5,0.3
2026-04-09,For Couples,2,"It’s Good to Be Italian – Cesare Casciato Italian comedy night celebrating culture, laughs, identity!",what-everyone-s-saving-this-week,https://visitvaughan.ca/calendar/event/it-s-good-to-be-italian-cesare-casciato/,27,28,4,0.375
2026-04-09,For Couples,3,"Classic Albums Live: Bon Jovi, Slippery When Wet Enjoy live performance of iconic Bon Jovi album classics.",what-everyone-s-saving-this-week,https://www.facebook.com/events/24918494341110916/,23,24,4,0.125
2026-04-09,For Couples,4,Wine Tasting Date Escape,what-everyone-s-saving-this-week,https://hmwineries.ca/tours-tastings/,32,34,4,0.875
2026-04-09,For Couples,5,"Sandstorm Live at Fionn MacCool’s Great food, live music, and a fun night that feels complete. Plan a Night",what-everyone-s-saving-this-week,https://www.facebook.com/events/1292276836116399/,28,30,4,0.625
2026-04-09,For Golden Age Readers,1,️ Climate Ready Homes: Rain Gardens 101 Turn rain into a beautiful garden while protecting your home naturally.,what-everyone-s-saving-this-week,https://www.facebook.com/events/2034470894078909,9,9,5,0.1
2026-04-09,For Golden Age Readers,2,"Knitting Circle Bring your knitting, chat with others, and enjoy a cozy afternoon.",what-everyone-s-saving-this-week,https://markham.bibliocommons.com/events/699621148089f23c675c8992,13,14,5,0.5
2026-04-09,For Golden Age Readers,3,"Chair Yoga Gentle guided movement to help you stretch, breathe, and feel better.",what-everyone-s-saving-this-week,https://markham.bibliocommons.com/events/699de5f9491b809c6f1c1f4d,32,32,5,0.9
2026-04-09,For Golden Age Readers,4,"Plain Tea and Murukku Tea, games, and warm company with other older adults nearby.",what-everyone-s-saving-this-week,https://markham.bibliocommons.com/events/69954cb98089f23c675c6536,12,12,5,0.3
2026-04-09,For Golden Age Readers,5,Useful Info: Seniors’ Perks Worth Knowing Helpful discounts and benefits many seniors may not know about.,what-everyone-s-saving-this-week,https://www.canadianseniorsdirectory.ca/canadian-seniors-deals-and-discounts/,28,30,5,0.7
2026-04-16,For Families,1,"Reptile & Plant Expo Meet reptiles, browse rare plants, and enjoy family learning together. See Something Wild",5-spring-events-everyone-s-planning,https://www.facebook.com/events/1471342694510547/,48,54,5,0.7
2026-04-16,For Families,2,Family Experiences - Survival Skills,5-spring-events-everyone-s-planning,https://calendar.trca.ca/event/family-experiences-at-kortright-survival-skills/,33,36,5,0.3
2026-04-16,For Families,3,️ Opening Weekend at The Village,5-spring-events-everyone-s-planning,https://calendar.trca.ca/event/opening-weekend-at-the-village/,86,91,5,0.9
2026-04-16,For Families,4,Baby Prints on Pottery: Bunny & Chick Feet Create pottery keepsakes using baby prints in a guided session. Craft A Keepsake,5-spring-events-everyone-s-planning,https://www.facebook.com/events/934484809106980/,22,22,5,0.1
2026-04-16,For Families,5,Little Seedlings & Saplings,5-spring-events-everyone-s-planning,https://calendar.trca.ca/event/little-seedlings-little-saplings-spring-2026-2/,36,36,5,0.5
2026-04-16,For Couples,1,Latte Art,5-spring-events-everyone-s-planning,https://www.eventbrite.ca/e/latte-art-1-tickets-1981493105218?aff=erellivmlt,26,27,5,0.6
2026-04-16,For Couples,2,Lisa's Cosmetics Spring Sale Stock up on beauty favourites and big seasonal deals this spring.,5-spring-events-everyone-s-planning,https://www.facebook.com/events/1495903572106858/,27,29,5,0.9
2026-04-16,For Couples,3,La Dolce Vita Fashion Show,5-spring-events-everyone-s-planning,https://allevents.in/vaughan/la-dolce-vita-travel-fashion-show/200029879200427,25,26,5,0.3
2026-04-16,For Couples,4,️ Crafted in Bloom,5-spring-events-everyone-s-planning,https://www.eventbrite.ca/e/crafted-in-bloom-a-spring-inspired-candle-perfume-making-experience-tickets-1983192021723,20,24,5,0.1
2026-04-16,For Couples,5,Ready to Get in the Game,5-spring-events-everyone-s-planning,https://pickleplex.ca/programs/open-play/,26,26,5,0.6
2026-04-16,For Golden Age Readers,1,Community Earth Day Walk,5-spring-events-everyone-s-planning,https://www.facebook.com/events/1613244796564559/,17,17,5,0.1
2026-04-16,For Golden Age Readers,2,"Bubble Tea & Paint Night ($5 Only) Enjoy an easy, creative night out with painting and social fun.",5-spring-events-everyone-s-planning,https://www.facebook.com/events/1728487831894843/,20,23,5,0.4
2026-04-16,For Golden Age Readers,3,Yoga for Older Adults,5-spring-events-everyone-s-planning,https://markham.bibliocommons.com/events/699de654491b809c6f1c1fc5,22,22,5,0.7
2026-04-16,For Golden Age Readers,4,️ The Famous Annual Grace Sale,5-spring-events-everyone-s-planning,https://www.facebook.com/events/884529064643779/,24,25,5,0.9
2026-04-16,For Golden Age Readers,5,In Harmony Concert,5-spring-events-everyone-s-planning,https://tickets.cityplayhouse.ca/event/655:613/655:823/,20,20,5,0.4
2026-04-23,For Families,1,"Monster Truck All Out Watch giant trucks, loud jumps, and high-energy family action. See The Trucks",your-mother-s-day-win-list,https://event.attendstar.com/event/show/monster-trucks-all-out-markham-on_9930/,33,35,5,0.3
2026-04-23,For Families,2,Wonderland Opening Day,your-mother-s-day-win-list,https://www.sixflags.com/canadaswonderland/events/opening-day,37,39,5,0.6
2026-04-23,For Families,3,Village Market Opening,your-mother-s-day-win-list,https://visitvaughan.ca/calendar/event/the-village-market-at-waldorf-1/,87,94,5,0.9
2026-04-23,For Families,4,Space Tomatoes,your-mother-s-day-win-list,https://allevents.in/vaughan/citizen-science-space-tomatoes-ansley-grove-library/100001983568074507,24,26,5,0.1
2026-04-23,For Families,5,Annual Tree Planting,your-mother-s-day-win-list,https://www.facebook.com/events/902083869199482/,37,44,5,0.6
2026-04-23,For Couples,1,Mother’s Day Chocolate Workshop,your-mother-s-day-win-list,https://visitvaughan.ca/calendar/event/mother-s-day-chocolate-workshop-and-tour/,19,19,5,0.1
2026-04-23,For Couples,2,"️ Mother’s Day Market at Promenade Shop local vendors, handmade finds, and thoughtful Mother’s Day gifts.",your-mother-s-day-win-list,https://www.facebook.com/events/760821603762096,38,40,5,0.7
2026-04-23,For Couples,3,Dumpling Fest,your-mother-s-day-win-list,https://www.facebook.com/events/918357000908229/,32,32,5,0.5
2026-04-23,For Couples,4,Cherry Blossom Afternoon Tea,your-mother-s-day-win-list,https://www.facebook.com/events/2003089597217599/,49,54,5,0.9
2026-04-23,For Couples,5,Revlon Warehouse Sale,your-mother-s-day-win-list,https://www.facebook.com/events/986907050570278/,23,24,5,0.3
2026-04-23,For Golden Age Readers,1,Budget Lunch Social,your-mother-s-day-win-list,https://allevents.in/vaughan/budget-lunch-social/100001984485907771?ref=organizer-new,13,16,5,0.4
2026-04-23,For Golden Age Readers,2,Aaron Jones Artist Conversation,your-mother-s-day-win-list,https://visitvaughan.ca/calendar/event/artist-talk-aaron-jones/,8,8,5,0.1
2026-04-23,For Golden Age Readers,3,$5 Women’s Clothing Sale,your-mother-s-day-win-list,https://www.facebook.com/events/2155783475172506/,37,37,5,0.9
2026-04-23,For Golden Age Readers,4,"L-O-V-E The Musical Enjoy a warm local musical about love, community, and connection. See The Show",your-mother-s-day-win-list,https://www.facebook.com/events/2281067599085370/,13,14,5,0.4
2026-04-23,For Golden Age Readers,5,Sephora Fragrance Event (FREE),your-mother-s-day-win-list,https://www.facebook.com/events/1512312156943408/,29,29,5,0.7
2026-04-30,For Families,1,Water Circus Nautilus,5-spring-picks-for-mother-s-day,https://platinum.cirqueitalia.com/events/1595_Water-Circus-Nautilus-Thornhill-ON,48,49,5,0.9
2026-04-30,For Families,2,Kids Night Out: Make it for Mom,5-spring-picks-for-mother-s-day,https://www.facebook.com/events/4603213309898290,31,32,5,0.5
2026-04-30,For Families,3,Little Icons Portrait Pop-Up,5-spring-picks-for-mother-s-day,https://www.facebook.com/events/26618247691130026/,25,26,5,0.3
2026-04-30,For Families,4,Science Family Festival,5-spring-picks-for-mother-s-day,https://www.facebook.com/events/1267095362251709,44,48,5,0.7
2026-04-30,For Families,5,Cute T-Shirt with Cricut,5-spring-picks-for-mother-s-day,https://markham.bibliocommons.com/events/698f8e9281b67dfe32a648db,24,27,5,0.1
2026-04-30,For Couples,1,Mimosa's in the Meadow - A Mother's Day Experience,5-spring-picks-for-mother-s-day,https://www.instagram.com/p/DXajLfKDEhD/?igsh=MTZ5NmoybXk0MHpyZw%3D%3D,27,32,5,0.7
2026-04-30,For Couples,2,‍🎨 2026 Art Show & Sale,5-spring-picks-for-mother-s-day,https://www.facebook.com/events/977983981428646/977983988095312/?active_tab=about,23,29,5,0.2
2026-04-30,For Couples,3,Spring Plant Sale,5-spring-picks-for-mother-s-day,https://www.facebook.com/events/969519995598832/,30,36,5,0.9
2026-04-30,For Couples,4,Karbon Warehouse Sale,5-spring-picks-for-mother-s-day,https://www.facebook.com/events/3264446713759443,23,24,5,0.2
2026-04-30,For Couples,5,Bread Making Workshop,5-spring-picks-for-mother-s-day,https://calendar.trca.ca/event/culinary-workshop-bread-butter/,25,26,5,0.5
2026-04-30,For Golden Age Readers,1,Flower Arranging Workshop Create a beautiful floral arrangement in a relaxed and creative setting. Reserve Your Spot,5-spring-picks-for-mother-s-day,https://calendar.trca.ca/event/flower-arranging-workshop/,21,22,5,0.9
2026-04-30,For Golden Age Readers,2,️ Persian Mother’s Day Market,5-spring-picks-for-mother-s-day,https://www.facebook.com/events/1489338962893030,18,18,5,0.7
2026-04-30,For Golden Age Readers,3,Chair Yoga (Online),5-spring-picks-for-mother-s-day,https://markham.bibliocommons.com/events/699de5f9491b809c6f1c1f50,10,15,5,0.3
2026-04-30,For Golden Age Readers,4,Needle Felted Teacup Workshop,5-spring-picks-for-mother-s-day,https://calendar.trca.ca/event/needle-felt-a-miniature-world-in-a-teacup-workshop/,14,14,5,0.5
2026-04-30,For Golden Age Readers,5,Broadway Bound – Newsies Jr. (Great Value),5-spring-picks-for-mother-s-day,https://tickets.cityplayhouse.ca/event/655:629/655:832/,9,9,5,0.1
2026-05-14,For Families,1,FREE Vaughan Classic Car Show,5-weekend-gems-you-can-t-skip,https://www.facebook.com/events/1806807183331911/,150,188,5,0.9
2026-05-14,For Families,2,Doors Open at The Village - Free Entry,5-weekend-gems-you-can-t-skip,https://calendar.trca.ca/event/doors-open-at-the-village/,97,104,5,0.7
2026-05-14,For Families,3,3D Modeling & Printing Workshop,5-weekend-gems-you-can-t-skip,https://markham.bibliocommons.com/events/69836cec834cbb3dea2b85ec,40,43,5,0.3
2026-05-14,For Families,4,Pick Your Vaughan Fireworks,5-weekend-gems-you-can-t-skip,https://www.instagram.com/p/DYQL6rsh2LW/,36,39,5,0.1
2026-05-14,For Families,5,Puzzle Sale and Swap,5-weekend-gems-you-can-t-skip,https://www.facebook.com/events/2044572469760432/,46,48,5,0.5
2026-05-14,For Couples,1,Art Karat Jewelry Show - Free Entry,5-weekend-gems-you-can-t-skip,https://www.facebook.com/events/1487413206114138/,13,13,4,0.125
2026-05-14,For Couples,3,"Vaughan Film Festival Spring Launch Get a first look at festival week, nominees, and awards in Vaughan. See The Reveal",5-weekend-gems-you-can-t-skip,https://www.eventbrite.ca/e/vff-2026-spring-launch-festival-week-reveal-tickets-1984485974972?aff=ebdsoporgprofile,25,28,4,0.375
2026-05-14,For Couples,4,️ Craft & Taste Market,5-weekend-gems-you-can-t-skip,https://www.facebook.com/events/2480382092418375/,47,50,4,0.875
2026-05-14,For Couples,5,Elegant Italian Dinner,5-weekend-gems-you-can-t-skip,https://www.meetup.com/women-that/events/314684754/?recId=4c82a1fd-3a7e-4f7a-a225-ee6bf9f3b245&recSource=event-search&searchId=7dc9bca1-9125-4753-8bf1-0c6d500059df&eventOrigin=find_page%24all,41,44,4,0.625
2026-05-14,For Golden Age Readers,1,Luminis Choir: Voices of Spring Light Enjoy choral music and spring melodies at Richmond Hill church.,5-weekend-gems-you-can-t-skip,https://www.facebook.com/events/2379425929217024,4,4,5,0.1
2026-05-14,For Golden Age Readers,2,Practice Joy with Laughter Yoga,5-weekend-gems-you-can-t-skip,https://markham.bibliocommons.com/events/699dee25491b809c6f1c23ae,7,7,5,0.3
2026-05-14,For Golden Age Readers,3,Best Buddies Friendship Walk,5-weekend-gems-you-can-t-skip,https://bestbuddiescanada.akaraisin.com/ui/FriendshipWalk2026/g/richmondhill,12,12,5,0.7
2026-05-14,For Golden Age Readers,4,Pet Print Party - Special Event,5-weekend-gems-you-can-t-skip,https://www.facebook.com/events/26659462103739741/,10,10,5,0.5
2026-05-14,For Golden Age Readers,5,Art Workshops,5-weekend-gems-you-can-t-skip,https://www.facebook.com/events/891246507301335/891246520634667/?active_tab=about,14,15,5,0.9
2026-05-21,For Families,1,Newmarket Asian Market - Worth the Drive,your-summer-weekend-not-laundry,https://www.eventbrite.ca/e/newmarket-asian-night-market-2026-tickets-1987799928095,60,65,5,0.9
2026-05-21,For Families,2,Splash Works Opening Day,your-summer-weekend-not-laundry,https://www.sixflags.com/canadaswonderland/events/splash-works-opening-day,34,36,5,0.5
2026-05-21,For Families,3,Popular TCG & Collectibles Show (Free),your-summer-weekend-not-laundry,https://www.eventbrite.com/e/northside-tcg-and-collectibles-show-tickets-1988446914248,33,39,5,0.3
2026-05-21,For Families,4,"Robotics Club Kids design, build, and program robots in a hands-on four-week workshop. Build Robots",your-summer-weekend-not-laundry,https://www.vaughanpl.info/programs/view/2494,23,27,5,0.1
2026-05-21,For Families,5,"Immersive Nature Experience Explore trees, birds, pond creatures, and nature with a guided family walk.",your-summer-weekend-not-laundry,https://calendar.trca.ca/event/family-experiences-at-kortright-nature-experience/,39,40,5,0.7
2026-05-21,For Couples,1,Dracula: A Comedy of Terrors,your-summer-weekend-not-laundry,https://app.arts-people.com/index.php?ticketing=cclub,13,13,5,0.3
2026-05-21,For Couples,2,Live Music - Jim Croce & Cat Stevens Story,your-summer-weekend-not-laundry,https://www.eventbrite.ca/e/dr-mike-daley-presents-the-jim-croce-and-cat-stevens-story-tickets-1988066813356,25,25,5,0.7
2026-05-21,For Couples,3,The Crown We Carry,your-summer-weekend-not-laundry,https://www.eventbrite.ca/e/the-crown-we-carry-a-guided-art-experience-tickets-1982324664434,12,12,5,0.1
2026-05-21,For Couples,4,Love Louder 2026,your-summer-weekend-not-laundry,https://www.eventbrite.ca/e/love-louder-2026-tickets-1980128837657,22,22,5,0.5
2026-05-21,For Couples,5,Date Idea: Sourdough for Beginners,your-summer-weekend-not-laundry,https://www.facebook.com/events/1861256854588599/,31,36,5,0.9
2026-05-21,For Golden Age Readers,1,A Toast To Moms (Free),your-summer-weekend-not-laundry,https://www.eventbrite.com/e/a-toast-to-moms-tickets-1988596090438,12,14,5,0.1
2026-05-21,For Golden Age Readers,2,Chair Yoga,your-summer-weekend-not-laundry,https://markham.bibliocommons.com/events/699de5f9491b809c6f1c1f53,27,31,5,0.4
2026-05-21,For Golden Age Readers,3,ItaliaLinguaCultura Gala - Save The Date,your-summer-weekend-not-laundry,https://www.instagram.com/p/DXel0ZWkV8u/?igsh=MTFwbWx0b2lma2g3dQ%3D%3D,29,30,5,0.8
2026-05-21,For Golden Age Readers,4,The Village Market at Waldorf,your-summer-weekend-not-laundry,https://www.facebook.com/VillageMarketOrganic,27,28,5,0.4
2026-05-21,For Golden Age Readers,5,Bubble Tea & Paint Night ($5 Only),your-summer-weekend-not-laundry,https://www.facebook.com/events/1728487831894843/,29,30,5,0.8
2026-06-04,For Families,1,"Lucky Lion Night Market Asian street food, family entertainment, and lion dance energy in Vaughan. Explore The Market",this-june-s-5-favorite-fests,https://visitvaughan.ca/calendar/event/lucky-lion-market-1/,106,108,5,0.7
2026-06-04,For Families,2,"Festa d’Italia - Free Entry Celebrate Italian culture with food, music, entertainment, and family fun.",this-june-s-5-favorite-fests,https://visitvaughan.ca/calendar/event/festa-d-italia-1/,119,120,5,0.9
2026-06-04,For Families,3,"Survival Skills at Kortright Kids trade screen time for fresh air while learning fire-building, shelter-making, and simple outdoor survival skills.",this-june-s-5-favorite-fests,https://calendar.trca.ca/event/family-experiences-at-kortright-survival-skills-2/,43,48,5,0.1
2026-06-04,For Families,4,Wave Pool Family Swim,this-june-s-5-favorite-fests,https://anc.ca.apm.activecommunities.com/richmondhill/activity/search/detail/129020?onlineSiteId=0&from_original_cui=true,86,93,5,0.5
2026-06-04,For Families,5,️ NF Mini Carnival - $5 Family Fun,this-june-s-5-favorite-fests,https://www.eventbrite.com/e/nostalgia-fest-presents-nf-mini-carnival-edition-tcg-collectibles-show-tickets-1989347943250,69,75,5,0.3
2026-06-04,For Couples,1,Unionville Festival - Date Stroll,this-june-s-5-favorite-fests,https://unionville.ca/unionville-festival/,75,79,4,0.875
2026-06-04,For Couples,2,"Brew & BBQ Smoky BBQ, craft drinks, live music, and summer festival flavours.",this-june-s-5-favorite-fests,https://www.sixflags.com/canadaswonderland/events/brew-and-bbq,37,38,4,0.375
2026-06-04,For Couples,3,Jazz X Band Live at the Pub,this-june-s-5-favorite-fests,https://www.facebook.com/events/3486791384830363/,32,32,4,0.125
2026-06-04,For Couples,4,"️ The Mom Market - Local Favourite Browse handmade goods, jewelry, candles, décor, and local artisan finds.",this-june-s-5-favorite-fests,https://www.facebook.com/events/1183961273724287/,65,68,4,0.625
2026-06-04,For Golden Age Readers,1,"Living Well Fair 2026 - Free Explore wellness tables, workshops, creative activities, and helpful local resources for older adults.",this-june-s-5-favorite-fests,https://www.eventbrite.ca/e/living-well-fair-2026-tickets-1987131826786,21,21,4,0.875
2026-06-04,For Golden Age Readers,2,"Plain Tea and Murukku Enjoy tea, snacks, cards, carrom, and friendly conversation with other older adults.",this-june-s-5-favorite-fests,https://markham.bibliocommons.com/events/69954cb98089f23c675c653a,12,12,4,0.375
2026-06-04,For Golden Age Readers,3,"Summer Gardening Social Share gardening stories, meet new faces, and enjoy a warm community social.",this-june-s-5-favorite-fests,https://markham.bibliocommons.com/events/69b5a74e67801235ed720660,9,9,4,0.125
2026-06-04,For Golden Age Readers,4,"Yoga for Older Adults Try gentle stretches, breathing, and movement designed for older adults.",this-june-s-5-favorite-fests,https://markham.bibliocommons.com/events/699de654491b809c6f1c1fcc,14,14,4,0.625
2026-06-11,For Families,1,"Black Creek Medieval Faire Knights, costumes, music, and medieval fun make this weekend unforgettable. Enter The Faire",5-local-gems-worth-planning,https://calendar.trca.ca/event/black-creek-medieval-faire-2/,68,75,5,0.5
2026-06-11,For Families,2,"Vaughan Pizzafest X Pizza, music, and family fun return for Vaughan’s tenth celebration.",5-local-gems-worth-planning,https://www.facebook.com/events/3914597828834207/,118,132,5,0.9
2026-06-11,For Families,3,"Father’s Day at Kortright Build, explore, and celebrate Dad with hands-on outdoor family adventures. Plan Dad’s Day",5-local-gems-worth-planning,https://visitvaughan.ca/calendar/event/father-s-day-at-kortright-1/,29,29,5,0.1
2026-06-11,For Families,4,2026 Strawberry Season Opener,5-local-gems-worth-planning,https://www.organicsfarm.ca/strawberries,111,114,5,0.7
2026-06-11,For Families,5,Free Family Sunday at McMichael,5-local-gems-worth-planning,https://visitvaughan.ca/calendar/event/free-family-sundays-at-the-mcmichael-1/,53,54,5,0.3
2026-06-11,For Couples,1,Markham Village Music Festival,5-local-gems-worth-planning,https://www.markhamfestival.com/,37,40,4,0.875
2026-06-11,For Couples,2,Ritmo Latin Social,5-local-gems-worth-planning,https://www.facebook.com/events/1415323163783543,19,21,4,0.375
2026-06-11,For Couples,4,Ballet Night 2026 Enjoy an elegant two-act ballet performance at Flato Markham Theatre.,5-local-gems-worth-planning,https://www.vividseats.com/karpov-ballet-academy-tickets--theater-ballet-and-dance/performer/428139,7,7,4,0.125
2026-06-11,For Couples,5,Summer Equinox Sound Bath Reset with a calming sound bath meditation under the summer equinox glow.,5-local-gems-worth-planning,https://visitvaughan.ca/calendar/event/sound-bath-meditation-summer-equinox/,20,21,4,0.625
2026-06-11,For Golden Age Readers,1,️ Lunch at Landwer Café - Yorkdale,5-local-gems-worth-planning,https://www.meetup.com/north-york-55-womens-group/events/310187184/?recId=57e255f8-f56f-413f-a918-df8efdc60c00&recSource=event-search&searchId=4a0006de-1918-464e-a0b2-f5f9b4826bce&eventOrigin=find_page%24all,16,16,5,0.5
2026-06-11,For Golden Age Readers,2,"The Village Market at Waldorf Browse organic vegetables, local meats, and seasonal finds directly from local farmers.",5-local-gems-worth-planning,https://visitvaughan.ca/calendar/event/the-village-market-at-waldorf-1/,21,21,5,0.9
2026-06-11,For Golden Age Readers,3,Healthy Aging & Social Connection Learn how strong relationships and community ties support healthier aging.,5-local-gems-worth-planning,https://www.comfortlife.ca/events/738,7,7,5,0.1
2026-06-11,For Golden Age Readers,4,"55+ Bone Health Fitness Low-impact fitness class focused on strength, balance, coordination, and bone health.",5-local-gems-worth-planning,https://anc.ca.apm.activecommunities.com/richmondhill/activity/search/detail/136854?onlineSiteId=0&from_original_cui=true,20,21,5,0.7
2026-06-11,For Golden Age Readers,5,️ Hidden Histories Tours,5-local-gems-worth-planning,https://calendar.trca.ca/event/hidden-histories-tours-4/,10,10,5,0.3
2026-06-18,For Families,1,"Vaughan Multicultural Festival Free music, facepaint, food, kids’ activities, and cultural performances fill the park for one big community afternoon. Explore The Cultures",father-s-day-weekend-dad-s-picks,https://visitvaughan.ca/calendar/event/vaughan-multicultural-festival-1/,53,59,5,0.5
2026-06-18,For Families,2,Greek Day - Father’s Day Festival,father-s-day-weekend-dad-s-picks,https://bellvue.ticketsauce.com/e/greek-day-bring-your-father-to-greek-day-at-bellvu,47,49,5,0.3
2026-06-18,For Families,3,Lankan Fest with Daddy 2026 - Free,father-s-day-weekend-dad-s-picks,https://www.facebook.com/events/4155387504605970/,41,44,5,0.1
2026-06-18,For Families,4,Father’s Day Car Show,father-s-day-weekend-dad-s-picks,https://www.facebook.com/events/1670605360767969/,65,69,5,0.9
2026-06-18,For Families,5,Woodbridge Village Farmers Market,father-s-day-weekend-dad-s-picks,https://www.woodbridgefarmersmarket.com/gallery,63,64,5,0.7
2026-06-18,For Couples,1,Asado - Authentic Latin Food Festival,father-s-day-weekend-dad-s-picks,https://visitvaughan.ca/calendar/event/asado-vaughan-1/,20,22,4,0.875
2026-06-18,For Couples,2,Brew & BBQ at Canada’s Wonderland,father-s-day-weekend-dad-s-picks,https://www.sixflags.com/canadaswonderland/events/brew-and-bbq,7,7,4,0.125
2026-06-18,For Couples,3,"I Love Reggaeton Block Party x Asado Reggaeton, dancing, food, and summer-night energy turn Assembly Park into a party.",father-s-day-weekend-dad-s-picks,https://www.eventbrite.ca/e/i-love-reggaeton-block-party-x-asado-2026-tickets-1988560929270,9,9,4,0.375
2026-06-18,For Couples,4,Adult Cooking Class - Indian Delights,father-s-day-weekend-dad-s-picks,https://thechefupstairs.com/products/vaughan-adult-cooking-class-indian-delights?start=2026-06-01T00%3A00&select=2026-06-27T18%3A30,11,11,4,0.625
2026-06-18,For Golden Age Readers,1,"String in Bloom - Canadian Legends Enjoy familiar Canadian classics reimagined with strings, piano, and a polished live sound.",father-s-day-weekend-dad-s-picks,https://tickets.celebratevaughan.com/,3,3,5,0.1
2026-06-18,For Golden Age Readers,2,Kleinburg Walk & Gelato,father-s-day-weekend-dad-s-picks,https://www.meetup.com/la-dolce-vita-italian-dinner-group-50-plus-vaughan/events/315195444/?recId=979b6758-1882-4ad9-bf12-3627fd167c97&recSource=event-search&searchId=0ec111b7-f355-44cc-9257-4cb6808dd196&eventOrigin=find_page%24all,16,16,5,0.9
2026-06-18,For Golden Age Readers,3,"Seniors Roundtable & Open House Connect with other seniors, ask questions, and discover local services made for older adults.",father-s-day-weekend-dad-s-picks,https://www.eventbrite.ca/e/seniors-roundtable-and-open-house-tickets-1991001809007?aff=ebdssbcategorybrowse,7,8,5,0.5
2026-06-18,For Golden Age Readers,4,The Wedding Singer Musical,father-s-day-weekend-dad-s-picks,https://tickets.cityplayhouse.ca/event/655:658/655:873/,9,9,5,0.7
2026-06-18,For Golden Age Readers,5,"Sunday Sip and Create Relax with tea, coffee, treats, and guided artmaking in a calm gallery setting.",father-s-day-weekend-dad-s-picks,https://visitvaughan.ca/calendar/event/sunday-sip-and-create-1/,6,7,5,0.3
2026-06-25,For Families,1,Robintide Strawberry Farming Strawberry season’s short - get picking while the fields are ripe! Explore More,fresh-strawberries-canada-day-picks,https://robintidefarms.com/strawberries/,96,100,5,0.9
2026-06-25,For Families,2,Vaughan Canada Day,fresh-strawberries-canada-day-picks,https://www.vaughan.ca/residential/recreation-programs-and-fitness/events/canada-day,87,89,5,0.7
2026-06-25,For Families,3,Canada Day Fireworks,fresh-strawberries-canada-day-picks,https://www.sixflags.com/canadaswonderland/events/fireworks,52,58,5,0.5
2026-06-25,For Families,4,Celebration Canada Wonderland,fresh-strawberries-canada-day-picks,https://www.sixflags.com/canadaswonderland/events/celebration-canada,35,35,5,0.1
2026-06-25,For Families,5,Treewalk Village,fresh-strawberries-canada-day-picks,https://treetoptrekking.com/parks/stouffville,36,36,5,0.3
2026-06-25,For Couples,1,Vaughan Asian Fest,fresh-strawberries-canada-day-picks,https://nightmarkets.ca/#,50,52,5,0.9
2026-06-25,For Couples,2,Indian Cooking Class,fresh-strawberries-canada-day-picks,https://thechefupstairs.com/products/vaughan-adult-cooking-class-indian-delights?start=2026-06-01T00%3A00&select=2026-06-27T18%3A30,14,14,5,0.1
2026-06-25,For Couples,3,Soul Food Festival,fresh-strawberries-canada-day-picks,https://www.ticketgateway.com/event/view/soulfoodcaribbeanfestival,19,20,5,0.3
2026-06-25,For Couples,4,Thursday Bandstand Nights,fresh-strawberries-canada-day-picks,https://unionvillepresents.com/,25,26,5,0.7
2026-06-25,For Couples,5,Rouge River Live,fresh-strawberries-canada-day-picks,https://www.facebook.com/events/2175467529955057/,20,25,5,0.5
2026-06-25,For Golden Age Readers,1,Plain Tea & Murukku,fresh-strawberries-canada-day-picks,https://markham.bibliocommons.com/events/69954cb98089f23c675c653b,6,6,5,0.1
2026-06-25,For Golden Age Readers,2,️ Free Exhibition Guided Tours,fresh-strawberries-canada-day-picks,https://varleyartgallery.ca/exhibition-guided-tours-2026/,21,21,5,0.7
2026-06-25,For Golden Age Readers,3,Wood Carving Demo,fresh-strawberries-canada-day-picks,https://calendar.trca.ca/event/first-saturday-wood-carving-by-inuk-artist-barry-best/,8,11,5,0.3
2026-06-25,For Golden Age Readers,4,Women’s Nutrition Summit,fresh-strawberries-canada-day-picks,https://www.eventbrite.ca/e/she-blooms-a-womens-nutrition-summit-tickets-1987682599161,17,18,5,0.5
2026-06-25,For Golden Age Readers,5,Ladies 50+ Lunch,fresh-strawberries-canada-day-picks,https://www.meetup.com/toronto-over-50-meetup-group/events/314945915/?recId=481a1a0e-57fe-44f2-bf19-9ccdfe5fd9ff&recSource=event-search&searchId=adb19387-97c0-428c-9f08-e67d5fd63482&eventOrigin=find_page%24all,30,30,5,0.9